/*
SQLyog Ultimate v11.11 (64 bit)
MySQL - 5.5.5-10.1.35-MariaDB : Database - db_project
*********************************************************************
*/

/*!40101 SET NAMES utf8 */;

/*!40101 SET SQL_MODE=''*/;

/*!40014 SET @OLD_UNIQUE_CHECKS=@@UNIQUE_CHECKS, UNIQUE_CHECKS=0 */;
/*!40014 SET @OLD_FOREIGN_KEY_CHECKS=@@FOREIGN_KEY_CHECKS, FOREIGN_KEY_CHECKS=0 */;
/*!40101 SET @OLD_SQL_MODE=@@SQL_MODE, SQL_MODE='NO_AUTO_VALUE_ON_ZERO' */;
/*!40111 SET @OLD_SQL_NOTES=@@SQL_NOTES, SQL_NOTES=0 */;
CREATE DATABASE /*!32312 IF NOT EXISTS*/`db_project` /*!40100 DEFAULT CHARACTER SET latin1 */;

USE `db_project`;

/*Table structure for table `tb_barang` */

DROP TABLE IF EXISTS `tb_barang`;

CREATE TABLE `tb_barang` (
  `id` int(11) NOT NULL AUTO_INCREMENT,
  `kode` varchar(20) NOT NULL,
  `nama` varchar(50) NOT NULL,
  `id_kategori` int(11) NOT NULL,
  `harga_jual` int(11) NOT NULL,
  `stok` int(11) DEFAULT '0',
  `id_satuan` int(11) NOT NULL,
  `diskon` int(11) DEFAULT '0',
  `harga_beli` int(11) NOT NULL,
  `pajak` int(11) DEFAULT '0',
  `id_supplier` int(11) NOT NULL,
  `created_date` timestamp NOT NULL DEFAULT CURRENT_TIMESTAMP ON UPDATE CURRENT_TIMESTAMP,
  `updated_date` timestamp NOT NULL DEFAULT '0000-00-00 00:00:00',
  PRIMARY KEY (`id`)
) ENGINE=InnoDB AUTO_INCREMENT=42 DEFAULT CHARSET=latin1;

/*Data for the table `tb_barang` */

LOCK TABLES `tb_barang` WRITE;

insert  into `tb_barang`(`id`,`kode`,`nama`,`id_kategori`,`harga_jual`,`stok`,`id_satuan`,`diskon`,`harga_beli`,`pajak`,`id_supplier`,`created_date`,`updated_date`) values (1,'product_80283522','Aqua gelas',2,1000,10,1,10,500,10,81,'2018-10-11 20:32:01','2018-10-11 20:32:01'),(2,'PRODUCT_2','Teh Pucuk kotak',2,4000,10,4,0,3000,0,88,'2018-10-07 21:00:43','2018-10-07 21:00:43'),(3,'PRODUCT_3','Teh Gelas',2,1000,10,1,10,800,0,22,'2018-10-19 02:49:00','2018-10-19 02:49:00'),(4,'PRODUCT_4','Teh Gelas Botol',2,4000,10,4,0,3000,0,20,'2018-10-07 17:08:27','2018-10-07 17:08:27'),(5,'PRODUCT_5','Pocari Sweat Kaleng',2,6000,10,1,0,5000,0,51,'2018-10-07 17:08:27','2018-10-07 17:08:27'),(6,'PRODUCT_6','Roti Tawar Sari Roti',1,8000,10,2,0,7000,0,14,'2018-10-07 17:08:27','2018-10-07 17:08:27'),(7,'PRODUCT_7','Lays',1,5000,10,2,0,4000,0,66,'2018-10-07 17:08:27','2018-10-07 17:08:27'),(8,'PRODUCT_8','Chitato',1,4500,10,2,0,3000,0,1,'2018-10-07 17:08:27','2018-10-07 17:08:27'),(9,'PRODUCT_9','Tango',1,3000,10,2,0,2000,0,27,'2018-10-07 17:08:27','2018-10-07 17:08:27'),(11,'PRODUCT_11','Kaos Kaki',3,10000,10,19,0,9000,0,82,'2018-10-07 17:08:27','2018-10-07 17:08:27'),(12,'PRODUCT_12','Singlet',3,15000,10,1,0,14000,0,30,'2018-10-07 17:08:27','2018-10-07 17:08:27'),(13,'PRODUCT_13','Kemeja',3,60000,10,1,0,5000,0,52,'2018-10-07 17:08:27','2018-10-07 17:08:27'),(14,'PRODUCT_14','Celana Olahraga (Training)',3,70000,10,1,0,60000,0,84,'2018-10-07 17:08:27','2018-10-07 17:08:27'),(15,'PRODUCT_15','Kaos Oblong',3,40000,10,1,0,35000,0,17,'2018-10-07 17:08:28','2018-10-07 17:08:28'),(16,'PRODUCT_16','Buku Tulis Sidu HVS 50 lbr',4,3000,10,1,0,2500,0,35,'2018-10-07 17:08:28','2018-10-07 17:08:28'),(17,'PRODUCT_17','Pulpen Snowman',4,2000,10,1,0,1500,0,8,'2018-10-07 17:08:28','2018-10-07 17:08:28'),(18,'PRODUCT_18','Pensil Steadler 2B',4,3000,10,1,0,2500,0,43,'2018-10-07 17:08:28','2018-10-07 17:08:28'),(19,'PRODUCT_19','Penggaris Besi',4,5000,10,1,0,4000,0,48,'2018-10-07 17:08:28','2018-10-07 17:08:28'),(20,'PRODUCT_20','Penghapus Steadler',4,2000,10,1,0,1600,0,33,'2018-10-07 17:08:28','2018-10-07 17:08:28'),(21,'PRODUCT_21','Bola Plastik',5,10000,10,1,0,8000,0,81,'2018-10-07 17:08:28','2018-10-07 17:08:28'),(22,'PRODUCT_22','Dupa',6,10000,10,2,0,8000,0,76,'2018-10-07 17:08:28','2018-10-07 17:08:28'),(23,'PRODUCT_23','Tangkih',6,5000,10,2,0,4000,0,53,'2018-10-07 17:08:28','2018-10-07 17:08:28'),(24,'PRODUCT_24','Penek',6,5000,10,2,0,4000,0,88,'2018-10-07 17:08:28','2018-10-07 17:08:28'),(25,'PRODUCT_25','Kain Kasa Putih',6,4000,10,15,0,3000,0,32,'2018-10-07 17:08:28','2018-10-07 17:08:28'),(26,'PRODUCT_26','Kain Kasa Hitam',6,5000,10,15,0,4000,0,86,'2018-10-07 17:08:28','2018-10-07 17:08:28'),(27,'PRODUCT_27','Kain Kasa Kuning',6,6000,10,15,0,5000,0,15,'2018-10-07 17:08:28','2018-10-07 17:08:28'),(28,'PRODUCT_28','Panci',7,30000,10,1,0,25000,0,26,'2018-10-07 17:08:28','2018-10-07 17:08:28'),(29,'PRODUCT_29','Wajan',7,25000,10,1,0,20000,0,94,'2018-10-07 17:08:28','2018-10-07 17:08:28'),(30,'PRODUCT_30','Sunlight',7,5000,10,4,0,4000,0,74,'2018-10-07 17:08:28','2018-10-07 17:08:28'),(31,'PRODUCT_31','Spon',7,3000,10,1,0,2500,0,69,'2018-10-07 17:08:28','2018-10-07 17:08:28'),(32,'PRODUCT_32','Kain pembersih',7,3000,10,11,0,2500,0,4,'2018-10-07 17:08:28','2018-10-07 17:08:28'),(33,'PRODUCT_33','Sabun Shinzui',8,3000,10,1,0,2500,0,30,'2018-10-07 17:08:28','2018-10-07 17:08:28'),(34,'PRODUCT_34','Shampo Clear (Shachet)',8,500,10,1,0,400,0,10,'2018-10-07 17:08:28','2018-10-07 17:08:28'),(35,'PRODUCT_35','Sikat Gigi',8,4000,10,1,0,3000,0,75,'2018-10-07 17:08:28','2018-10-07 17:08:28'),(36,'PRODUCT_36','Pasta Gigi Pepsodent',8,7500,10,1,0,6000,0,89,'2018-10-07 17:08:28','2018-10-07 17:08:28'),(37,'PRODUCT_37','Sabun Muka Garnier',8,35000,10,1,0,30000,0,76,'2018-10-07 17:08:28','2018-10-07 17:08:28'),(38,'PRODUCT_38','Kado',9,30000,10,1,0,25000,0,78,'2018-10-07 17:08:28','2018-10-07 17:08:28'),(39,'PRODUCT_39','Sapu',10,15000,10,1,0,10000,0,19,'2018-10-07 17:08:28','2018-10-07 17:08:28'),(40,'PRODUCT_40','Kain Pel',10,8000,10,1,0,7000,0,81,'2018-10-07 17:08:28','2018-10-07 17:08:28'),(41,'PRODUCT_41','Cairan Pel Pembersih',10,11000,10,4,0,10000,0,23,'2018-10-07 17:08:28','2018-10-07 17:08:28');

UNLOCK TABLES;

/*Table structure for table `tb_detail_pembelian` */

DROP TABLE IF EXISTS `tb_detail_pembelian`;

CREATE TABLE `tb_detail_pembelian` (
  `id` int(11) NOT NULL AUTO_INCREMENT,
  `id_barang` int(11) NOT NULL,
  `id_pembelian` int(11) NOT NULL,
  `jml_barang` int(11) NOT NULL,
  `harga_barang` int(11) NOT NULL,
  `total_bayar` int(11) DEFAULT '0',
  PRIMARY KEY (`id`)
) ENGINE=InnoDB DEFAULT CHARSET=latin1;

/*Data for the table `tb_detail_pembelian` */

LOCK TABLES `tb_detail_pembelian` WRITE;

UNLOCK TABLES;

/*Table structure for table `tb_detail_penjualan` */

DROP TABLE IF EXISTS `tb_detail_penjualan`;

CREATE TABLE `tb_detail_penjualan` (
  `id` int(11) NOT NULL AUTO_INCREMENT,
  `id_penjualan` int(11) NOT NULL,
  `id_barang` int(11) NOT NULL,
  `jml_barang` int(11) NOT NULL,
  `harga_barang` int(11) NOT NULL,
  `diskon` int(11) DEFAULT '0',
  `pajak` int(11) DEFAULT '0',
  `total_bayar` int(11) NOT NULL,
  PRIMARY KEY (`id`)
) ENGINE=InnoDB DEFAULT CHARSET=latin1;

/*Data for the table `tb_detail_penjualan` */

LOCK TABLES `tb_detail_penjualan` WRITE;

UNLOCK TABLES;

/*Table structure for table `tb_jabatan` */

DROP TABLE IF EXISTS `tb_jabatan`;

CREATE TABLE `tb_jabatan` (
  `id` int(11) NOT NULL AUTO_INCREMENT,
  `nama` varchar(15) NOT NULL,
  `keterangan` varchar(50) DEFAULT NULL,
  PRIMARY KEY (`id`)
) ENGINE=InnoDB AUTO_INCREMENT=5 DEFAULT CHARSET=latin1;

/*Data for the table `tb_jabatan` */

LOCK TABLES `tb_jabatan` WRITE;

insert  into `tb_jabatan`(`id`,`nama`,`keterangan`) values (1,'Kasir','Kasir'),(2,'Gudang','Pegawai gudang'),(3,'Kebersihan','Pegawai kebersihan'),(4,'Manager','Manager');

UNLOCK TABLES;

/*Table structure for table `tb_kategori` */

DROP TABLE IF EXISTS `tb_kategori`;

CREATE TABLE `tb_kategori` (
  `id` int(11) NOT NULL AUTO_INCREMENT,
  `nama` varchar(20) NOT NULL,
  PRIMARY KEY (`id`)
) ENGINE=InnoDB AUTO_INCREMENT=12 DEFAULT CHARSET=latin1;

/*Data for the table `tb_kategori` */

LOCK TABLES `tb_kategori` WRITE;

insert  into `tb_kategori`(`id`,`nama`) values (1,'Makanan'),(2,'Minuman'),(3,'Pakaian'),(4,'Alat Tulis'),(5,'Olahraga'),(6,'Perlengkapan Upacara'),(7,'Perlengkapan Dapur'),(8,'Kebutuhan Mandi'),(9,'Suvenir & Kado'),(10,'Kebutuhan Kebersihan'),(11,'Elektronik');

UNLOCK TABLES;

/*Table structure for table `tb_kota` */

DROP TABLE IF EXISTS `tb_kota`;

CREATE TABLE `tb_kota` (
  `id` int(11) NOT NULL AUTO_INCREMENT,
  `nama` varchar(20) NOT NULL,
  `id_propinsi` int(11) NOT NULL,
  PRIMARY KEY (`id`)
) ENGINE=InnoDB AUTO_INCREMENT=11 DEFAULT CHARSET=latin1;

/*Data for the table `tb_kota` */

LOCK TABLES `tb_kota` WRITE;

insert  into `tb_kota`(`id`,`nama`,`id_propinsi`) values (1,'Kabupaten Badung',17),(2,'Kabupaten Bangli',17),(3,'Kabupaten Buleleng',17),(4,'Kabupaten Gianyar',17),(5,'Kabupaten Jembrana',17),(6,'Kabupaten Karangasem',17),(7,'Kabupaten Klungkung',17),(8,'Kabupaten Tabanan',17),(9,'Kabupaten Denpasar',17),(10,'kota12',17);

UNLOCK TABLES;

/*Table structure for table `tb_negara` */

DROP TABLE IF EXISTS `tb_negara`;

CREATE TABLE `tb_negara` (
  `id` int(11) NOT NULL AUTO_INCREMENT,
  `nama` varchar(20) NOT NULL,
  PRIMARY KEY (`id`)
) ENGINE=InnoDB AUTO_INCREMENT=2 DEFAULT CHARSET=latin1;

/*Data for the table `tb_negara` */

LOCK TABLES `tb_negara` WRITE;

insert  into `tb_negara`(`id`,`nama`) values (1,'Indonesia');

UNLOCK TABLES;

/*Table structure for table `tb_pelanggan` */

DROP TABLE IF EXISTS `tb_pelanggan`;

CREATE TABLE `tb_pelanggan` (
  `id` int(11) NOT NULL AUTO_INCREMENT,
  `idpel` varchar(20) NOT NULL,
  `nama` varchar(50) NOT NULL,
  `jk` tinyint(4) NOT NULL,
  `tgl_lahir` date DEFAULT NULL,
  `alamat` varchar(100) DEFAULT NULL,
  `id_kota` int(11) DEFAULT NULL,
  `id_propinsi` int(11) DEFAULT NULL,
  `id_negara` int(11) DEFAULT NULL,
  `telepon` int(11) DEFAULT NULL,
  `hp` varchar(15) DEFAULT NULL,
  `keterangan` varchar(100) DEFAULT NULL,
  `created_date` timestamp NOT NULL DEFAULT CURRENT_TIMESTAMP ON UPDATE CURRENT_TIMESTAMP,
  `updated_date` timestamp NOT NULL DEFAULT '0000-00-00 00:00:00',
  PRIMARY KEY (`id`)
) ENGINE=InnoDB AUTO_INCREMENT=1001 DEFAULT CHARSET=latin1;

/*Data for the table `tb_pelanggan` */

LOCK TABLES `tb_pelanggan` WRITE;

insert  into `tb_pelanggan`(`id`,`idpel`,`nama`,`jk`,`tgl_lahir`,`alamat`,`id_kota`,`id_propinsi`,`id_negara`,`telepon`,`hp`,`keterangan`,`created_date`,`updated_date`) values (1,'CUST_1','customer1',2,NULL,NULL,NULL,NULL,NULL,NULL,NULL,NULL,'2018-10-13 08:07:36','2018-10-13 08:07:36'),(2,'CUST_2','customer2',2,NULL,NULL,NULL,NULL,NULL,NULL,NULL,NULL,'2018-10-13 08:07:36','2018-10-13 08:07:36'),(3,'CUST_3','customer3',2,NULL,NULL,NULL,NULL,NULL,NULL,NULL,NULL,'2018-10-13 08:07:36','2018-10-13 08:07:36'),(4,'CUST_4','customer4',2,NULL,NULL,NULL,NULL,NULL,NULL,NULL,NULL,'2018-10-13 08:07:36','2018-10-13 08:07:36'),(5,'CUST_5','customer5',1,NULL,NULL,NULL,NULL,NULL,NULL,NULL,NULL,'2018-10-13 08:07:36','2018-10-13 08:07:36'),(6,'CUST_6','customer6',1,NULL,NULL,NULL,NULL,NULL,NULL,NULL,NULL,'2018-10-13 08:07:36','2018-10-13 08:07:36'),(7,'CUST_7','customer7',2,NULL,NULL,NULL,NULL,NULL,NULL,NULL,NULL,'2018-10-13 08:07:36','2018-10-13 08:07:36'),(8,'CUST_8','customer8',2,NULL,NULL,NULL,NULL,NULL,NULL,NULL,NULL,'2018-10-13 08:07:36','2018-10-13 08:07:36'),(9,'CUST_9','customer9',2,NULL,NULL,NULL,NULL,NULL,NULL,NULL,NULL,'2018-10-13 08:07:36','2018-10-13 08:07:36'),(10,'CUST_10','customer10',1,NULL,NULL,NULL,NULL,NULL,NULL,NULL,NULL,'2018-10-13 08:07:36','2018-10-13 08:07:36'),(11,'CUST_11','customer11',1,NULL,NULL,NULL,NULL,NULL,NULL,NULL,NULL,'2018-10-13 08:07:36','2018-10-13 08:07:36'),(12,'CUST_12','customer12',2,NULL,NULL,NULL,NULL,NULL,NULL,NULL,NULL,'2018-10-13 08:07:36','2018-10-13 08:07:36'),(13,'CUST_13','customer13',2,NULL,NULL,NULL,NULL,NULL,NULL,NULL,NULL,'2018-10-13 08:07:36','2018-10-13 08:07:36'),(14,'CUST_14','customer14',2,NULL,NULL,NULL,NULL,NULL,NULL,NULL,NULL,'2018-10-13 08:07:36','2018-10-13 08:07:36'),(15,'CUST_15','customer15',2,NULL,NULL,NULL,NULL,NULL,NULL,NULL,NULL,'2018-10-13 08:07:36','2018-10-13 08:07:36'),(16,'CUST_16','customer16',2,NULL,NULL,NULL,NULL,NULL,NULL,NULL,NULL,'2018-10-13 08:07:36','2018-10-13 08:07:36'),(17,'CUST_17','customer17',2,NULL,NULL,NULL,NULL,NULL,NULL,NULL,NULL,'2018-10-13 08:07:36','2018-10-13 08:07:36'),(18,'CUST_18','customer18',1,NULL,NULL,NULL,NULL,NULL,NULL,NULL,NULL,'2018-10-13 08:07:36','2018-10-13 08:07:36'),(19,'CUST_19','customer19',2,NULL,NULL,NULL,NULL,NULL,NULL,NULL,NULL,'2018-10-13 08:07:36','2018-10-13 08:07:36'),(20,'CUST_20','customer20',1,NULL,NULL,NULL,NULL,NULL,NULL,NULL,NULL,'2018-10-13 08:07:37','2018-10-13 08:07:37'),(21,'CUST_21','customer21',1,NULL,NULL,NULL,NULL,NULL,NULL,NULL,NULL,'2018-10-13 08:07:37','2018-10-13 08:07:37'),(22,'CUST_22','customer22',1,NULL,NULL,NULL,NULL,NULL,NULL,NULL,NULL,'2018-10-13 08:07:37','2018-10-13 08:07:37'),(23,'CUST_23','customer23',1,NULL,NULL,NULL,NULL,NULL,NULL,NULL,NULL,'2018-10-13 08:07:37','2018-10-13 08:07:37'),(24,'CUST_24','customer24',1,NULL,NULL,NULL,NULL,NULL,NULL,NULL,NULL,'2018-10-13 08:07:37','2018-10-13 08:07:37'),(25,'CUST_25','customer25',2,NULL,NULL,NULL,NULL,NULL,NULL,NULL,NULL,'2018-10-13 08:07:37','2018-10-13 08:07:37'),(26,'CUST_26','customer26',2,NULL,NULL,NULL,NULL,NULL,NULL,NULL,NULL,'2018-10-13 08:07:37','2018-10-13 08:07:37'),(27,'CUST_27','customer27',2,NULL,NULL,NULL,NULL,NULL,NULL,NULL,NULL,'2018-10-13 08:07:37','2018-10-13 08:07:37'),(28,'CUST_28','customer28',2,NULL,NULL,NULL,NULL,NULL,NULL,NULL,NULL,'2018-10-13 08:07:37','2018-10-13 08:07:37'),(29,'CUST_29','customer29',2,NULL,NULL,NULL,NULL,NULL,NULL,NULL,NULL,'2018-10-13 08:07:37','2018-10-13 08:07:37'),(30,'CUST_30','customer30',2,NULL,NULL,NULL,NULL,NULL,NULL,NULL,NULL,'2018-10-13 08:07:37','2018-10-13 08:07:37'),(31,'CUST_31','customer31',1,NULL,NULL,NULL,NULL,NULL,NULL,NULL,NULL,'2018-10-13 08:07:37','2018-10-13 08:07:37'),(32,'CUST_32','customer32',1,NULL,NULL,NULL,NULL,NULL,NULL,NULL,NULL,'2018-10-13 08:07:37','2018-10-13 08:07:37'),(33,'CUST_33','customer33',2,NULL,NULL,NULL,NULL,NULL,NULL,NULL,NULL,'2018-10-13 08:07:37','2018-10-13 08:07:37'),(34,'CUST_34','customer34',2,NULL,NULL,NULL,NULL,NULL,NULL,NULL,NULL,'2018-10-13 08:07:37','2018-10-13 08:07:37'),(35,'CUST_35','customer35',2,NULL,NULL,NULL,NULL,NULL,NULL,NULL,NULL,'2018-10-13 08:07:37','2018-10-13 08:07:37'),(36,'CUST_36','customer36',1,NULL,NULL,NULL,NULL,NULL,NULL,NULL,NULL,'2018-10-13 08:07:37','2018-10-13 08:07:37'),(37,'CUST_37','customer37',2,NULL,NULL,NULL,NULL,NULL,NULL,NULL,NULL,'2018-10-13 08:07:37','2018-10-13 08:07:37'),(38,'CUST_38','customer38',1,NULL,NULL,NULL,NULL,NULL,NULL,NULL,NULL,'2018-10-13 08:07:37','2018-10-13 08:07:37'),(39,'CUST_39','customer39',1,NULL,NULL,NULL,NULL,NULL,NULL,NULL,NULL,'2018-10-13 08:07:37','2018-10-13 08:07:37'),(40,'CUST_40','customer40',1,NULL,NULL,NULL,NULL,NULL,NULL,NULL,NULL,'2018-10-13 08:07:37','2018-10-13 08:07:37'),(41,'CUST_41','customer41',2,NULL,NULL,NULL,NULL,NULL,NULL,NULL,NULL,'2018-10-13 08:07:37','2018-10-13 08:07:37'),(42,'CUST_42','customer42',2,NULL,NULL,NULL,NULL,NULL,NULL,NULL,NULL,'2018-10-13 08:07:37','2018-10-13 08:07:37'),(43,'CUST_43','customer43',1,NULL,NULL,NULL,NULL,NULL,NULL,NULL,NULL,'2018-10-13 08:07:37','2018-10-13 08:07:37'),(44,'CUST_44','customer44',2,NULL,NULL,NULL,NULL,NULL,NULL,NULL,NULL,'2018-10-13 08:07:37','2018-10-13 08:07:37'),(45,'CUST_45','customer45',1,NULL,NULL,NULL,NULL,NULL,NULL,NULL,NULL,'2018-10-13 08:07:37','2018-10-13 08:07:37'),(46,'CUST_46','customer46',1,NULL,NULL,NULL,NULL,NULL,NULL,NULL,NULL,'2018-10-13 08:07:37','2018-10-13 08:07:37'),(47,'CUST_47','customer47',1,NULL,NULL,NULL,NULL,NULL,NULL,NULL,NULL,'2018-10-13 08:07:37','2018-10-13 08:07:37'),(48,'CUST_48','customer48',2,NULL,NULL,NULL,NULL,NULL,NULL,NULL,NULL,'2018-10-13 08:07:37','2018-10-13 08:07:37'),(49,'CUST_49','customer49',1,NULL,NULL,NULL,NULL,NULL,NULL,NULL,NULL,'2018-10-13 08:07:37','2018-10-13 08:07:37'),(50,'CUST_50','customer50',2,NULL,NULL,NULL,NULL,NULL,NULL,NULL,NULL,'2018-10-13 08:07:37','2018-10-13 08:07:37'),(51,'CUST_51','customer51',1,NULL,NULL,NULL,NULL,NULL,NULL,NULL,NULL,'2018-10-13 08:07:37','2018-10-13 08:07:37'),(52,'CUST_52','customer52',1,NULL,NULL,NULL,NULL,NULL,NULL,NULL,NULL,'2018-10-13 08:07:37','2018-10-13 08:07:37'),(53,'CUST_53','customer53',2,NULL,NULL,NULL,NULL,NULL,NULL,NULL,NULL,'2018-10-13 08:07:37','2018-10-13 08:07:37'),(54,'CUST_54','customer54',2,NULL,NULL,NULL,NULL,NULL,NULL,NULL,NULL,'2018-10-13 08:07:37','2018-10-13 08:07:37'),(55,'CUST_55','customer55',2,NULL,NULL,NULL,NULL,NULL,NULL,NULL,NULL,'2018-10-13 08:07:37','2018-10-13 08:07:37'),(56,'CUST_56','customer56',2,NULL,NULL,NULL,NULL,NULL,NULL,NULL,NULL,'2018-10-13 08:07:37','2018-10-13 08:07:37'),(57,'CUST_57','customer57',1,NULL,NULL,NULL,NULL,NULL,NULL,NULL,NULL,'2018-10-13 08:07:37','2018-10-13 08:07:37'),(58,'CUST_58','customer58',1,NULL,NULL,NULL,NULL,NULL,NULL,NULL,NULL,'2018-10-13 08:07:37','2018-10-13 08:07:37'),(59,'CUST_59','customer59',1,NULL,NULL,NULL,NULL,NULL,NULL,NULL,NULL,'2018-10-13 08:07:37','2018-10-13 08:07:37'),(60,'CUST_60','customer60',2,NULL,NULL,NULL,NULL,NULL,NULL,NULL,NULL,'2018-10-13 08:07:37','2018-10-13 08:07:37'),(61,'CUST_61','customer61',1,NULL,NULL,NULL,NULL,NULL,NULL,NULL,NULL,'2018-10-13 08:07:37','2018-10-13 08:07:37'),(62,'CUST_62','customer62',2,NULL,NULL,NULL,NULL,NULL,NULL,NULL,NULL,'2018-10-13 08:07:37','2018-10-13 08:07:37'),(63,'CUST_63','customer63',1,NULL,NULL,NULL,NULL,NULL,NULL,NULL,NULL,'2018-10-13 08:07:37','2018-10-13 08:07:37'),(64,'CUST_64','customer64',2,NULL,NULL,NULL,NULL,NULL,NULL,NULL,NULL,'2018-10-13 08:07:37','2018-10-13 08:07:37'),(65,'CUST_65','customer65',2,NULL,NULL,NULL,NULL,NULL,NULL,NULL,NULL,'2018-10-13 08:07:37','2018-10-13 08:07:37'),(66,'CUST_66','customer66',1,NULL,NULL,NULL,NULL,NULL,NULL,NULL,NULL,'2018-10-13 08:07:37','2018-10-13 08:07:37'),(67,'CUST_67','customer67',2,NULL,NULL,NULL,NULL,NULL,NULL,NULL,NULL,'2018-10-13 08:07:37','2018-10-13 08:07:37'),(68,'CUST_68','customer68',2,NULL,NULL,NULL,NULL,NULL,NULL,NULL,NULL,'2018-10-13 08:07:37','2018-10-13 08:07:37'),(69,'CUST_69','customer69',1,NULL,NULL,NULL,NULL,NULL,NULL,NULL,NULL,'2018-10-13 08:07:37','2018-10-13 08:07:37'),(70,'CUST_70','customer70',1,NULL,NULL,NULL,NULL,NULL,NULL,NULL,NULL,'2018-10-13 08:07:37','2018-10-13 08:07:37'),(71,'CUST_71','customer71',2,NULL,NULL,NULL,NULL,NULL,NULL,NULL,NULL,'2018-10-13 08:07:37','2018-10-13 08:07:37'),(72,'CUST_72','customer72',2,NULL,NULL,NULL,NULL,NULL,NULL,NULL,NULL,'2018-10-13 08:07:37','2018-10-13 08:07:37'),(73,'CUST_73','customer73',1,NULL,NULL,NULL,NULL,NULL,NULL,NULL,NULL,'2018-10-13 08:07:37','2018-10-13 08:07:37'),(74,'CUST_74','customer74',1,NULL,NULL,NULL,NULL,NULL,NULL,NULL,NULL,'2018-10-13 08:07:37','2018-10-13 08:07:37'),(75,'CUST_75','customer75',2,NULL,NULL,NULL,NULL,NULL,NULL,NULL,NULL,'2018-10-13 08:07:37','2018-10-13 08:07:37'),(76,'CUST_76','customer76',2,NULL,NULL,NULL,NULL,NULL,NULL,NULL,NULL,'2018-10-13 08:07:37','2018-10-13 08:07:37'),(77,'CUST_77','customer77',2,NULL,NULL,NULL,NULL,NULL,NULL,NULL,NULL,'2018-10-13 08:07:37','2018-10-13 08:07:37'),(78,'CUST_78','customer78',1,NULL,NULL,NULL,NULL,NULL,NULL,NULL,NULL,'2018-10-13 08:07:37','2018-10-13 08:07:37'),(79,'CUST_79','customer79',1,NULL,NULL,NULL,NULL,NULL,NULL,NULL,NULL,'2018-10-13 08:07:37','2018-10-13 08:07:37'),(80,'CUST_80','customer80',1,NULL,NULL,NULL,NULL,NULL,NULL,NULL,NULL,'2018-10-13 08:07:37','2018-10-13 08:07:37'),(81,'CUST_81','customer81',2,NULL,NULL,NULL,NULL,NULL,NULL,NULL,NULL,'2018-10-13 08:07:37','2018-10-13 08:07:37'),(82,'CUST_82','customer82',2,NULL,NULL,NULL,NULL,NULL,NULL,NULL,NULL,'2018-10-13 08:07:37','2018-10-13 08:07:37'),(83,'CUST_83','customer83',1,NULL,NULL,NULL,NULL,NULL,NULL,NULL,NULL,'2018-10-13 08:07:37','2018-10-13 08:07:37'),(84,'CUST_84','customer84',2,NULL,NULL,NULL,NULL,NULL,NULL,NULL,NULL,'2018-10-13 08:07:37','2018-10-13 08:07:37'),(85,'CUST_85','customer85',1,NULL,NULL,NULL,NULL,NULL,NULL,NULL,NULL,'2018-10-13 08:07:37','2018-10-13 08:07:37'),(86,'CUST_86','customer86',1,NULL,NULL,NULL,NULL,NULL,NULL,NULL,NULL,'2018-10-13 08:07:37','2018-10-13 08:07:37'),(87,'CUST_87','customer87',2,NULL,NULL,NULL,NULL,NULL,NULL,NULL,NULL,'2018-10-13 08:07:37','2018-10-13 08:07:37'),(88,'CUST_88','customer88',1,NULL,NULL,NULL,NULL,NULL,NULL,NULL,NULL,'2018-10-13 08:07:37','2018-10-13 08:07:37'),(89,'CUST_89','customer89',2,NULL,NULL,NULL,NULL,NULL,NULL,NULL,NULL,'2018-10-13 08:07:37','2018-10-13 08:07:37'),(90,'CUST_90','customer90',1,NULL,NULL,NULL,NULL,NULL,NULL,NULL,NULL,'2018-10-13 08:07:37','2018-10-13 08:07:37'),(91,'CUST_91','customer91',1,NULL,NULL,NULL,NULL,NULL,NULL,NULL,NULL,'2018-10-13 08:07:37','2018-10-13 08:07:37'),(92,'CUST_92','customer92',1,NULL,NULL,NULL,NULL,NULL,NULL,NULL,NULL,'2018-10-13 08:07:37','2018-10-13 08:07:37'),(93,'CUST_93','customer93',2,NULL,NULL,NULL,NULL,NULL,NULL,NULL,NULL,'2018-10-13 08:07:37','2018-10-13 08:07:37'),(94,'CUST_94','customer94',2,NULL,NULL,NULL,NULL,NULL,NULL,NULL,NULL,'2018-10-13 08:07:37','2018-10-13 08:07:37'),(95,'CUST_95','customer95',2,NULL,NULL,NULL,NULL,NULL,NULL,NULL,NULL,'2018-10-13 08:07:37','2018-10-13 08:07:37'),(96,'CUST_96','customer96',1,NULL,NULL,NULL,NULL,NULL,NULL,NULL,NULL,'2018-10-13 08:07:37','2018-10-13 08:07:37'),(97,'CUST_97','customer97',2,NULL,NULL,NULL,NULL,NULL,NULL,NULL,NULL,'2018-10-13 08:07:37','2018-10-13 08:07:37'),(98,'CUST_98','customer98',2,NULL,NULL,NULL,NULL,NULL,NULL,NULL,NULL,'2018-10-13 08:07:37','2018-10-13 08:07:37'),(99,'CUST_99','customer99',1,NULL,NULL,NULL,NULL,NULL,NULL,NULL,NULL,'2018-10-13 08:07:37','2018-10-13 08:07:37'),(100,'CUST_100','customer100',1,NULL,NULL,NULL,NULL,NULL,NULL,NULL,NULL,'2018-10-13 08:07:37','2018-10-13 08:07:37'),(101,'CUST_101','customer101',2,NULL,NULL,NULL,NULL,NULL,NULL,NULL,NULL,'2018-10-13 08:07:37','2018-10-13 08:07:37'),(102,'CUST_102','customer102',2,NULL,NULL,NULL,NULL,NULL,NULL,NULL,NULL,'2018-10-13 08:07:37','2018-10-13 08:07:37'),(103,'CUST_103','customer103',1,NULL,NULL,NULL,NULL,NULL,NULL,NULL,NULL,'2018-10-13 08:07:37','2018-10-13 08:07:37'),(104,'CUST_104','customer104',2,NULL,NULL,NULL,NULL,NULL,NULL,NULL,NULL,'2018-10-13 08:07:37','2018-10-13 08:07:37'),(105,'CUST_105','customer105',2,NULL,NULL,NULL,NULL,NULL,NULL,NULL,NULL,'2018-10-13 08:07:37','2018-10-13 08:07:37'),(106,'CUST_106','customer106',1,NULL,NULL,NULL,NULL,NULL,NULL,NULL,NULL,'2018-10-13 08:07:37','2018-10-13 08:07:37'),(107,'CUST_107','customer107',2,NULL,NULL,NULL,NULL,NULL,NULL,NULL,NULL,'2018-10-13 08:07:37','2018-10-13 08:07:37'),(108,'CUST_108','customer108',2,NULL,NULL,NULL,NULL,NULL,NULL,NULL,NULL,'2018-10-13 08:07:37','2018-10-13 08:07:37'),(109,'CUST_109','customer109',1,NULL,NULL,NULL,NULL,NULL,NULL,NULL,NULL,'2018-10-13 08:07:37','2018-10-13 08:07:37'),(110,'CUST_110','customer110',2,NULL,NULL,NULL,NULL,NULL,NULL,NULL,NULL,'2018-10-13 08:07:37','2018-10-13 08:07:37'),(111,'CUST_111','customer111',1,NULL,NULL,NULL,NULL,NULL,NULL,NULL,NULL,'2018-10-13 08:07:37','2018-10-13 08:07:37'),(112,'CUST_112','customer112',2,NULL,NULL,NULL,NULL,NULL,NULL,NULL,NULL,'2018-10-13 08:07:37','2018-10-13 08:07:37'),(113,'CUST_113','customer113',2,NULL,NULL,NULL,NULL,NULL,NULL,NULL,NULL,'2018-10-13 08:07:37','2018-10-13 08:07:37'),(114,'CUST_114','customer114',1,NULL,NULL,NULL,NULL,NULL,NULL,NULL,NULL,'2018-10-13 08:07:37','2018-10-13 08:07:37'),(115,'CUST_115','customer115',1,NULL,NULL,NULL,NULL,NULL,NULL,NULL,NULL,'2018-10-13 08:07:37','2018-10-13 08:07:37'),(116,'CUST_116','customer116',2,NULL,NULL,NULL,NULL,NULL,NULL,NULL,NULL,'2018-10-13 08:07:37','2018-10-13 08:07:37'),(117,'CUST_117','customer117',1,NULL,NULL,NULL,NULL,NULL,NULL,NULL,NULL,'2018-10-13 08:07:37','2018-10-13 08:07:37'),(118,'CUST_118','customer118',2,NULL,NULL,NULL,NULL,NULL,NULL,NULL,NULL,'2018-10-13 08:07:37','2018-10-13 08:07:37'),(119,'CUST_119','customer119',1,NULL,NULL,NULL,NULL,NULL,NULL,NULL,NULL,'2018-10-13 08:07:37','2018-10-13 08:07:37'),(120,'CUST_120','customer120',1,NULL,NULL,NULL,NULL,NULL,NULL,NULL,NULL,'2018-10-13 08:07:37','2018-10-13 08:07:37'),(121,'CUST_121','customer121',2,NULL,NULL,NULL,NULL,NULL,NULL,NULL,NULL,'2018-10-13 08:07:37','2018-10-13 08:07:37'),(122,'CUST_122','customer122',1,NULL,NULL,NULL,NULL,NULL,NULL,NULL,NULL,'2018-10-13 08:07:37','2018-10-13 08:07:37'),(123,'CUST_123','customer123',2,NULL,NULL,NULL,NULL,NULL,NULL,NULL,NULL,'2018-10-13 08:07:37','2018-10-13 08:07:37'),(124,'CUST_124','customer124',1,NULL,NULL,NULL,NULL,NULL,NULL,NULL,NULL,'2018-10-13 08:07:37','2018-10-13 08:07:37'),(125,'CUST_125','customer125',2,NULL,NULL,NULL,NULL,NULL,NULL,NULL,NULL,'2018-10-13 08:07:37','2018-10-13 08:07:37'),(126,'CUST_126','customer126',2,NULL,NULL,NULL,NULL,NULL,NULL,NULL,NULL,'2018-10-13 08:07:37','2018-10-13 08:07:37'),(127,'CUST_127','customer127',2,NULL,NULL,NULL,NULL,NULL,NULL,NULL,NULL,'2018-10-13 08:07:37','2018-10-13 08:07:37'),(128,'CUST_128','customer128',2,NULL,NULL,NULL,NULL,NULL,NULL,NULL,NULL,'2018-10-13 08:07:37','2018-10-13 08:07:37'),(129,'CUST_129','customer129',1,NULL,NULL,NULL,NULL,NULL,NULL,NULL,NULL,'2018-10-13 08:07:37','2018-10-13 08:07:37'),(130,'CUST_130','customer130',1,NULL,NULL,NULL,NULL,NULL,NULL,NULL,NULL,'2018-10-13 08:07:37','2018-10-13 08:07:37'),(131,'CUST_131','customer131',2,NULL,NULL,NULL,NULL,NULL,NULL,NULL,NULL,'2018-10-13 08:07:37','2018-10-13 08:07:37'),(132,'CUST_132','customer132',1,NULL,NULL,NULL,NULL,NULL,NULL,NULL,NULL,'2018-10-13 08:07:37','2018-10-13 08:07:37'),(133,'CUST_133','customer133',1,NULL,NULL,NULL,NULL,NULL,NULL,NULL,NULL,'2018-10-13 08:07:37','2018-10-13 08:07:37'),(134,'CUST_134','customer134',1,NULL,NULL,NULL,NULL,NULL,NULL,NULL,NULL,'2018-10-13 08:07:37','2018-10-13 08:07:37'),(135,'CUST_135','customer135',2,NULL,NULL,NULL,NULL,NULL,NULL,NULL,NULL,'2018-10-13 08:07:37','2018-10-13 08:07:37'),(136,'CUST_136','customer136',1,NULL,NULL,NULL,NULL,NULL,NULL,NULL,NULL,'2018-10-13 08:07:37','2018-10-13 08:07:37'),(137,'CUST_137','customer137',2,NULL,NULL,NULL,NULL,NULL,NULL,NULL,NULL,'2018-10-13 08:07:37','2018-10-13 08:07:37'),(138,'CUST_138','customer138',2,NULL,NULL,NULL,NULL,NULL,NULL,NULL,NULL,'2018-10-13 08:07:37','2018-10-13 08:07:37'),(139,'CUST_139','customer139',2,NULL,NULL,NULL,NULL,NULL,NULL,NULL,NULL,'2018-10-13 08:07:37','2018-10-13 08:07:37'),(140,'CUST_140','customer140',1,NULL,NULL,NULL,NULL,NULL,NULL,NULL,NULL,'2018-10-13 08:07:37','2018-10-13 08:07:37'),(141,'CUST_141','customer141',2,NULL,NULL,NULL,NULL,NULL,NULL,NULL,NULL,'2018-10-13 08:07:37','2018-10-13 08:07:37'),(142,'CUST_142','customer142',1,NULL,NULL,NULL,NULL,NULL,NULL,NULL,NULL,'2018-10-13 08:07:37','2018-10-13 08:07:37'),(143,'CUST_143','customer143',2,NULL,NULL,NULL,NULL,NULL,NULL,NULL,NULL,'2018-10-13 08:07:37','2018-10-13 08:07:37'),(144,'CUST_144','customer144',1,NULL,NULL,NULL,NULL,NULL,NULL,NULL,NULL,'2018-10-13 08:07:37','2018-10-13 08:07:37'),(145,'CUST_145','customer145',2,NULL,NULL,NULL,NULL,NULL,NULL,NULL,NULL,'2018-10-13 08:07:37','2018-10-13 08:07:37'),(146,'CUST_146','customer146',1,NULL,NULL,NULL,NULL,NULL,NULL,NULL,NULL,'2018-10-13 08:07:37','2018-10-13 08:07:37'),(147,'CUST_147','customer147',1,NULL,NULL,NULL,NULL,NULL,NULL,NULL,NULL,'2018-10-13 08:07:37','2018-10-13 08:07:37'),(148,'CUST_148','customer148',1,NULL,NULL,NULL,NULL,NULL,NULL,NULL,NULL,'2018-10-13 08:07:37','2018-10-13 08:07:37'),(149,'CUST_149','customer149',1,NULL,NULL,NULL,NULL,NULL,NULL,NULL,NULL,'2018-10-13 08:07:37','2018-10-13 08:07:37'),(150,'CUST_150','customer150',2,NULL,NULL,NULL,NULL,NULL,NULL,NULL,NULL,'2018-10-13 08:07:37','2018-10-13 08:07:37'),(151,'CUST_151','customer151',1,NULL,NULL,NULL,NULL,NULL,NULL,NULL,NULL,'2018-10-13 08:07:37','2018-10-13 08:07:37'),(152,'CUST_152','customer152',2,NULL,NULL,NULL,NULL,NULL,NULL,NULL,NULL,'2018-10-13 08:07:37','2018-10-13 08:07:37'),(153,'CUST_153','customer153',1,NULL,NULL,NULL,NULL,NULL,NULL,NULL,NULL,'2018-10-13 08:07:37','2018-10-13 08:07:37'),(154,'CUST_154','customer154',2,NULL,NULL,NULL,NULL,NULL,NULL,NULL,NULL,'2018-10-13 08:07:37','2018-10-13 08:07:37'),(155,'CUST_155','customer155',2,NULL,NULL,NULL,NULL,NULL,NULL,NULL,NULL,'2018-10-13 08:07:37','2018-10-13 08:07:37'),(156,'CUST_156','customer156',1,NULL,NULL,NULL,NULL,NULL,NULL,NULL,NULL,'2018-10-13 08:07:37','2018-10-13 08:07:37'),(157,'CUST_157','customer157',2,NULL,NULL,NULL,NULL,NULL,NULL,NULL,NULL,'2018-10-13 08:07:37','2018-10-13 08:07:37'),(158,'CUST_158','customer158',1,NULL,NULL,NULL,NULL,NULL,NULL,NULL,NULL,'2018-10-13 08:07:37','2018-10-13 08:07:37'),(159,'CUST_159','customer159',1,NULL,NULL,NULL,NULL,NULL,NULL,NULL,NULL,'2018-10-13 08:07:37','2018-10-13 08:07:37'),(160,'CUST_160','customer160',1,NULL,NULL,NULL,NULL,NULL,NULL,NULL,NULL,'2018-10-13 08:07:37','2018-10-13 08:07:37'),(161,'CUST_161','customer161',1,NULL,NULL,NULL,NULL,NULL,NULL,NULL,NULL,'2018-10-13 08:07:37','2018-10-13 08:07:37'),(162,'CUST_162','customer162',2,NULL,NULL,NULL,NULL,NULL,NULL,NULL,NULL,'2018-10-13 08:07:37','2018-10-13 08:07:37'),(163,'CUST_163','customer163',2,NULL,NULL,NULL,NULL,NULL,NULL,NULL,NULL,'2018-10-13 08:07:37','2018-10-13 08:07:37'),(164,'CUST_164','customer164',2,NULL,NULL,NULL,NULL,NULL,NULL,NULL,NULL,'2018-10-13 08:07:37','2018-10-13 08:07:37'),(165,'CUST_165','customer165',1,NULL,NULL,NULL,NULL,NULL,NULL,NULL,NULL,'2018-10-13 08:07:37','2018-10-13 08:07:37'),(166,'CUST_166','customer166',2,NULL,NULL,NULL,NULL,NULL,NULL,NULL,NULL,'2018-10-13 08:07:37','2018-10-13 08:07:37'),(167,'CUST_167','customer167',2,NULL,NULL,NULL,NULL,NULL,NULL,NULL,NULL,'2018-10-13 08:07:37','2018-10-13 08:07:37'),(168,'CUST_168','customer168',1,NULL,NULL,NULL,NULL,NULL,NULL,NULL,NULL,'2018-10-13 08:07:37','2018-10-13 08:07:37'),(169,'CUST_169','customer169',2,NULL,NULL,NULL,NULL,NULL,NULL,NULL,NULL,'2018-10-13 08:07:37','2018-10-13 08:07:37'),(170,'CUST_170','customer170',1,NULL,NULL,NULL,NULL,NULL,NULL,NULL,NULL,'2018-10-13 08:07:37','2018-10-13 08:07:37'),(171,'CUST_171','customer171',1,NULL,NULL,NULL,NULL,NULL,NULL,NULL,NULL,'2018-10-13 08:07:37','2018-10-13 08:07:37'),(172,'CUST_172','customer172',2,NULL,NULL,NULL,NULL,NULL,NULL,NULL,NULL,'2018-10-13 08:07:37','2018-10-13 08:07:37'),(173,'CUST_173','customer173',2,NULL,NULL,NULL,NULL,NULL,NULL,NULL,NULL,'2018-10-13 08:07:37','2018-10-13 08:07:37'),(174,'CUST_174','customer174',2,NULL,NULL,NULL,NULL,NULL,NULL,NULL,NULL,'2018-10-13 08:07:37','2018-10-13 08:07:37'),(175,'CUST_175','customer175',2,NULL,NULL,NULL,NULL,NULL,NULL,NULL,NULL,'2018-10-13 08:07:37','2018-10-13 08:07:37'),(176,'CUST_176','customer176',1,NULL,NULL,NULL,NULL,NULL,NULL,NULL,NULL,'2018-10-13 08:07:37','2018-10-13 08:07:37'),(177,'CUST_177','customer177',2,NULL,NULL,NULL,NULL,NULL,NULL,NULL,NULL,'2018-10-13 08:07:37','2018-10-13 08:07:37'),(178,'CUST_178','customer178',1,NULL,NULL,NULL,NULL,NULL,NULL,NULL,NULL,'2018-10-13 08:07:37','2018-10-13 08:07:37'),(179,'CUST_179','customer179',2,NULL,NULL,NULL,NULL,NULL,NULL,NULL,NULL,'2018-10-13 08:07:37','2018-10-13 08:07:37'),(180,'CUST_180','customer180',2,NULL,NULL,NULL,NULL,NULL,NULL,NULL,NULL,'2018-10-13 08:07:37','2018-10-13 08:07:37'),(181,'CUST_181','customer181',2,NULL,NULL,NULL,NULL,NULL,NULL,NULL,NULL,'2018-10-13 08:07:37','2018-10-13 08:07:37'),(182,'CUST_182','customer182',2,NULL,NULL,NULL,NULL,NULL,NULL,NULL,NULL,'2018-10-13 08:07:37','2018-10-13 08:07:37'),(183,'CUST_183','customer183',1,NULL,NULL,NULL,NULL,NULL,NULL,NULL,NULL,'2018-10-13 08:07:37','2018-10-13 08:07:37'),(184,'CUST_184','customer184',1,NULL,NULL,NULL,NULL,NULL,NULL,NULL,NULL,'2018-10-13 08:07:37','2018-10-13 08:07:37'),(185,'CUST_185','customer185',1,NULL,NULL,NULL,NULL,NULL,NULL,NULL,NULL,'2018-10-13 08:07:37','2018-10-13 08:07:37'),(186,'CUST_186','customer186',1,NULL,NULL,NULL,NULL,NULL,NULL,NULL,NULL,'2018-10-13 08:07:37','2018-10-13 08:07:37'),(187,'CUST_187','customer187',1,NULL,NULL,NULL,NULL,NULL,NULL,NULL,NULL,'2018-10-13 08:07:37','2018-10-13 08:07:37'),(188,'CUST_188','customer188',2,NULL,NULL,NULL,NULL,NULL,NULL,NULL,NULL,'2018-10-13 08:07:37','2018-10-13 08:07:37'),(189,'CUST_189','customer189',1,NULL,NULL,NULL,NULL,NULL,NULL,NULL,NULL,'2018-10-13 08:07:37','2018-10-13 08:07:37'),(190,'CUST_190','customer190',2,NULL,NULL,NULL,NULL,NULL,NULL,NULL,NULL,'2018-10-13 08:07:37','2018-10-13 08:07:37'),(191,'CUST_191','customer191',1,NULL,NULL,NULL,NULL,NULL,NULL,NULL,NULL,'2018-10-13 08:07:37','2018-10-13 08:07:37'),(192,'CUST_192','customer192',1,NULL,NULL,NULL,NULL,NULL,NULL,NULL,NULL,'2018-10-13 08:07:37','2018-10-13 08:07:37'),(193,'CUST_193','customer193',2,NULL,NULL,NULL,NULL,NULL,NULL,NULL,NULL,'2018-10-13 08:07:37','2018-10-13 08:07:37'),(194,'CUST_194','customer194',2,NULL,NULL,NULL,NULL,NULL,NULL,NULL,NULL,'2018-10-13 08:07:37','2018-10-13 08:07:37'),(195,'CUST_195','customer195',2,NULL,NULL,NULL,NULL,NULL,NULL,NULL,NULL,'2018-10-13 08:07:37','2018-10-13 08:07:37'),(196,'CUST_196','customer196',1,NULL,NULL,NULL,NULL,NULL,NULL,NULL,NULL,'2018-10-13 08:07:37','2018-10-13 08:07:37'),(197,'CUST_197','customer197',2,NULL,NULL,NULL,NULL,NULL,NULL,NULL,NULL,'2018-10-13 08:07:37','2018-10-13 08:07:37'),(198,'CUST_198','customer198',2,NULL,NULL,NULL,NULL,NULL,NULL,NULL,NULL,'2018-10-13 08:07:37','2018-10-13 08:07:37'),(199,'CUST_199','customer199',1,NULL,NULL,NULL,NULL,NULL,NULL,NULL,NULL,'2018-10-13 08:07:37','2018-10-13 08:07:37'),(200,'CUST_200','customer200',1,NULL,NULL,NULL,NULL,NULL,NULL,NULL,NULL,'2018-10-13 08:07:37','2018-10-13 08:07:37'),(201,'CUST_201','customer201',2,NULL,NULL,NULL,NULL,NULL,NULL,NULL,NULL,'2018-10-13 08:07:37','2018-10-13 08:07:37'),(202,'CUST_202','customer202',1,NULL,NULL,NULL,NULL,NULL,NULL,NULL,NULL,'2018-10-13 08:07:37','2018-10-13 08:07:37'),(203,'CUST_203','customer203',2,NULL,NULL,NULL,NULL,NULL,NULL,NULL,NULL,'2018-10-13 08:07:37','2018-10-13 08:07:37'),(204,'CUST_204','customer204',1,NULL,NULL,NULL,NULL,NULL,NULL,NULL,NULL,'2018-10-13 08:07:37','2018-10-13 08:07:37'),(205,'CUST_205','customer205',1,NULL,NULL,NULL,NULL,NULL,NULL,NULL,NULL,'2018-10-13 08:07:37','2018-10-13 08:07:37'),(206,'CUST_206','customer206',2,NULL,NULL,NULL,NULL,NULL,NULL,NULL,NULL,'2018-10-13 08:07:37','2018-10-13 08:07:37'),(207,'CUST_207','customer207',1,NULL,NULL,NULL,NULL,NULL,NULL,NULL,NULL,'2018-10-13 08:07:37','2018-10-13 08:07:37'),(208,'CUST_208','customer208',2,NULL,NULL,NULL,NULL,NULL,NULL,NULL,NULL,'2018-10-13 08:07:37','2018-10-13 08:07:37'),(209,'CUST_209','customer209',2,NULL,NULL,NULL,NULL,NULL,NULL,NULL,NULL,'2018-10-13 08:07:37','2018-10-13 08:07:37'),(210,'CUST_210','customer210',2,NULL,NULL,NULL,NULL,NULL,NULL,NULL,NULL,'2018-10-13 08:07:37','2018-10-13 08:07:37'),(211,'CUST_211','customer211',1,NULL,NULL,NULL,NULL,NULL,NULL,NULL,NULL,'2018-10-13 08:07:37','2018-10-13 08:07:37'),(212,'CUST_212','customer212',1,NULL,NULL,NULL,NULL,NULL,NULL,NULL,NULL,'2018-10-13 08:07:37','2018-10-13 08:07:37'),(213,'CUST_213','customer213',1,NULL,NULL,NULL,NULL,NULL,NULL,NULL,NULL,'2018-10-13 08:07:37','2018-10-13 08:07:37'),(214,'CUST_214','customer214',2,NULL,NULL,NULL,NULL,NULL,NULL,NULL,NULL,'2018-10-13 08:07:37','2018-10-13 08:07:37'),(215,'CUST_215','customer215',2,NULL,NULL,NULL,NULL,NULL,NULL,NULL,NULL,'2018-10-13 08:07:37','2018-10-13 08:07:37'),(216,'CUST_216','customer216',2,NULL,NULL,NULL,NULL,NULL,NULL,NULL,NULL,'2018-10-13 08:07:37','2018-10-13 08:07:37'),(217,'CUST_217','customer217',2,NULL,NULL,NULL,NULL,NULL,NULL,NULL,NULL,'2018-10-13 08:07:37','2018-10-13 08:07:37'),(218,'CUST_218','customer218',1,NULL,NULL,NULL,NULL,NULL,NULL,NULL,NULL,'2018-10-13 08:07:37','2018-10-13 08:07:37'),(219,'CUST_219','customer219',2,NULL,NULL,NULL,NULL,NULL,NULL,NULL,NULL,'2018-10-13 08:07:37','2018-10-13 08:07:37'),(220,'CUST_220','customer220',1,NULL,NULL,NULL,NULL,NULL,NULL,NULL,NULL,'2018-10-13 08:07:37','2018-10-13 08:07:37'),(221,'CUST_221','customer221',1,NULL,NULL,NULL,NULL,NULL,NULL,NULL,NULL,'2018-10-13 08:07:37','2018-10-13 08:07:37'),(222,'CUST_222','customer222',2,NULL,NULL,NULL,NULL,NULL,NULL,NULL,NULL,'2018-10-13 08:07:37','2018-10-13 08:07:37'),(223,'CUST_223','customer223',1,NULL,NULL,NULL,NULL,NULL,NULL,NULL,NULL,'2018-10-13 08:07:37','2018-10-13 08:07:37'),(224,'CUST_224','customer224',2,NULL,NULL,NULL,NULL,NULL,NULL,NULL,NULL,'2018-10-13 08:07:37','2018-10-13 08:07:37'),(225,'CUST_225','customer225',1,NULL,NULL,NULL,NULL,NULL,NULL,NULL,NULL,'2018-10-13 08:07:37','2018-10-13 08:07:37'),(226,'CUST_226','customer226',2,NULL,NULL,NULL,NULL,NULL,NULL,NULL,NULL,'2018-10-13 08:07:37','2018-10-13 08:07:37'),(227,'CUST_227','customer227',2,NULL,NULL,NULL,NULL,NULL,NULL,NULL,NULL,'2018-10-13 08:07:37','2018-10-13 08:07:37'),(228,'CUST_228','customer228',2,NULL,NULL,NULL,NULL,NULL,NULL,NULL,NULL,'2018-10-13 08:07:37','2018-10-13 08:07:37'),(229,'CUST_229','customer229',2,NULL,NULL,NULL,NULL,NULL,NULL,NULL,NULL,'2018-10-13 08:07:37','2018-10-13 08:07:37'),(230,'CUST_230','customer230',1,NULL,NULL,NULL,NULL,NULL,NULL,NULL,NULL,'2018-10-13 08:07:37','2018-10-13 08:07:37'),(231,'CUST_231','customer231',1,NULL,NULL,NULL,NULL,NULL,NULL,NULL,NULL,'2018-10-13 08:07:37','2018-10-13 08:07:37'),(232,'CUST_232','customer232',1,NULL,NULL,NULL,NULL,NULL,NULL,NULL,NULL,'2018-10-13 08:07:37','2018-10-13 08:07:37'),(233,'CUST_233','customer233',2,NULL,NULL,NULL,NULL,NULL,NULL,NULL,NULL,'2018-10-13 08:07:38','2018-10-13 08:07:38'),(234,'CUST_234','customer234',2,NULL,NULL,NULL,NULL,NULL,NULL,NULL,NULL,'2018-10-13 08:07:38','2018-10-13 08:07:38'),(235,'CUST_235','customer235',1,NULL,NULL,NULL,NULL,NULL,NULL,NULL,NULL,'2018-10-13 08:07:38','2018-10-13 08:07:38'),(236,'CUST_236','customer236',1,NULL,NULL,NULL,NULL,NULL,NULL,NULL,NULL,'2018-10-13 08:07:38','2018-10-13 08:07:38'),(237,'CUST_237','customer237',1,NULL,NULL,NULL,NULL,NULL,NULL,NULL,NULL,'2018-10-13 08:07:38','2018-10-13 08:07:38'),(238,'CUST_238','customer238',2,NULL,NULL,NULL,NULL,NULL,NULL,NULL,NULL,'2018-10-13 08:07:38','2018-10-13 08:07:38'),(239,'CUST_239','customer239',1,NULL,NULL,NULL,NULL,NULL,NULL,NULL,NULL,'2018-10-13 08:07:38','2018-10-13 08:07:38'),(240,'CUST_240','customer240',2,NULL,NULL,NULL,NULL,NULL,NULL,NULL,NULL,'2018-10-13 08:07:38','2018-10-13 08:07:38'),(241,'CUST_241','customer241',2,NULL,NULL,NULL,NULL,NULL,NULL,NULL,NULL,'2018-10-13 08:07:38','2018-10-13 08:07:38'),(242,'CUST_242','customer242',1,NULL,NULL,NULL,NULL,NULL,NULL,NULL,NULL,'2018-10-13 08:07:38','2018-10-13 08:07:38'),(243,'CUST_243','customer243',1,NULL,NULL,NULL,NULL,NULL,NULL,NULL,NULL,'2018-10-13 08:07:38','2018-10-13 08:07:38'),(244,'CUST_244','customer244',2,NULL,NULL,NULL,NULL,NULL,NULL,NULL,NULL,'2018-10-13 08:07:38','2018-10-13 08:07:38'),(245,'CUST_245','customer245',2,NULL,NULL,NULL,NULL,NULL,NULL,NULL,NULL,'2018-10-13 08:07:38','2018-10-13 08:07:38'),(246,'CUST_246','customer246',1,NULL,NULL,NULL,NULL,NULL,NULL,NULL,NULL,'2018-10-13 08:07:38','2018-10-13 08:07:38'),(247,'CUST_247','customer247',2,NULL,NULL,NULL,NULL,NULL,NULL,NULL,NULL,'2018-10-13 08:07:38','2018-10-13 08:07:38'),(248,'CUST_248','customer248',2,NULL,NULL,NULL,NULL,NULL,NULL,NULL,NULL,'2018-10-13 08:07:38','2018-10-13 08:07:38'),(249,'CUST_249','customer249',1,NULL,NULL,NULL,NULL,NULL,NULL,NULL,NULL,'2018-10-13 08:07:38','2018-10-13 08:07:38'),(250,'CUST_250','customer250',1,NULL,NULL,NULL,NULL,NULL,NULL,NULL,NULL,'2018-10-13 08:07:38','2018-10-13 08:07:38'),(251,'CUST_251','customer251',1,NULL,NULL,NULL,NULL,NULL,NULL,NULL,NULL,'2018-10-13 08:07:38','2018-10-13 08:07:38'),(252,'CUST_252','customer252',2,NULL,NULL,NULL,NULL,NULL,NULL,NULL,NULL,'2018-10-13 08:07:38','2018-10-13 08:07:38'),(253,'CUST_253','customer253',1,NULL,NULL,NULL,NULL,NULL,NULL,NULL,NULL,'2018-10-13 08:07:38','2018-10-13 08:07:38'),(254,'CUST_254','customer254',1,NULL,NULL,NULL,NULL,NULL,NULL,NULL,NULL,'2018-10-13 08:07:38','2018-10-13 08:07:38'),(255,'CUST_255','customer255',1,NULL,NULL,NULL,NULL,NULL,NULL,NULL,NULL,'2018-10-13 08:07:38','2018-10-13 08:07:38'),(256,'CUST_256','customer256',2,NULL,NULL,NULL,NULL,NULL,NULL,NULL,NULL,'2018-10-13 08:07:38','2018-10-13 08:07:38'),(257,'CUST_257','customer257',2,NULL,NULL,NULL,NULL,NULL,NULL,NULL,NULL,'2018-10-13 08:07:38','2018-10-13 08:07:38'),(258,'CUST_258','customer258',2,NULL,NULL,NULL,NULL,NULL,NULL,NULL,NULL,'2018-10-13 08:07:38','2018-10-13 08:07:38'),(259,'CUST_259','customer259',1,NULL,NULL,NULL,NULL,NULL,NULL,NULL,NULL,'2018-10-13 08:07:38','2018-10-13 08:07:38'),(260,'CUST_260','customer260',2,NULL,NULL,NULL,NULL,NULL,NULL,NULL,NULL,'2018-10-13 08:07:38','2018-10-13 08:07:38'),(261,'CUST_261','customer261',2,NULL,NULL,NULL,NULL,NULL,NULL,NULL,NULL,'2018-10-13 08:07:38','2018-10-13 08:07:38'),(262,'CUST_262','customer262',2,NULL,NULL,NULL,NULL,NULL,NULL,NULL,NULL,'2018-10-13 08:07:38','2018-10-13 08:07:38'),(263,'CUST_263','customer263',2,NULL,NULL,NULL,NULL,NULL,NULL,NULL,NULL,'2018-10-13 08:07:38','2018-10-13 08:07:38'),(264,'CUST_264','customer264',2,NULL,NULL,NULL,NULL,NULL,NULL,NULL,NULL,'2018-10-13 08:07:38','2018-10-13 08:07:38'),(265,'CUST_265','customer265',1,NULL,NULL,NULL,NULL,NULL,NULL,NULL,NULL,'2018-10-13 08:07:38','2018-10-13 08:07:38'),(266,'CUST_266','customer266',1,NULL,NULL,NULL,NULL,NULL,NULL,NULL,NULL,'2018-10-13 08:07:38','2018-10-13 08:07:38'),(267,'CUST_267','customer267',1,NULL,NULL,NULL,NULL,NULL,NULL,NULL,NULL,'2018-10-13 08:07:38','2018-10-13 08:07:38'),(268,'CUST_268','customer268',1,NULL,NULL,NULL,NULL,NULL,NULL,NULL,NULL,'2018-10-13 08:07:38','2018-10-13 08:07:38'),(269,'CUST_269','customer269',2,NULL,NULL,NULL,NULL,NULL,NULL,NULL,NULL,'2018-10-13 08:07:38','2018-10-13 08:07:38'),(270,'CUST_270','customer270',2,NULL,NULL,NULL,NULL,NULL,NULL,NULL,NULL,'2018-10-13 08:07:38','2018-10-13 08:07:38'),(271,'CUST_271','customer271',1,NULL,NULL,NULL,NULL,NULL,NULL,NULL,NULL,'2018-10-13 08:07:38','2018-10-13 08:07:38'),(272,'CUST_272','customer272',2,NULL,NULL,NULL,NULL,NULL,NULL,NULL,NULL,'2018-10-13 08:07:38','2018-10-13 08:07:38'),(273,'CUST_273','customer273',1,NULL,NULL,NULL,NULL,NULL,NULL,NULL,NULL,'2018-10-13 08:07:38','2018-10-13 08:07:38'),(274,'CUST_274','customer274',2,NULL,NULL,NULL,NULL,NULL,NULL,NULL,NULL,'2018-10-13 08:07:38','2018-10-13 08:07:38'),(275,'CUST_275','customer275',2,NULL,NULL,NULL,NULL,NULL,NULL,NULL,NULL,'2018-10-13 08:07:38','2018-10-13 08:07:38'),(276,'CUST_276','customer276',2,NULL,NULL,NULL,NULL,NULL,NULL,NULL,NULL,'2018-10-13 08:07:38','2018-10-13 08:07:38'),(277,'CUST_277','customer277',2,NULL,NULL,NULL,NULL,NULL,NULL,NULL,NULL,'2018-10-13 08:07:38','2018-10-13 08:07:38'),(278,'CUST_278','customer278',2,NULL,NULL,NULL,NULL,NULL,NULL,NULL,NULL,'2018-10-13 08:07:38','2018-10-13 08:07:38'),(279,'CUST_279','customer279',1,NULL,NULL,NULL,NULL,NULL,NULL,NULL,NULL,'2018-10-13 08:07:38','2018-10-13 08:07:38'),(280,'CUST_280','customer280',2,NULL,NULL,NULL,NULL,NULL,NULL,NULL,NULL,'2018-10-13 08:07:38','2018-10-13 08:07:38'),(281,'CUST_281','customer281',1,NULL,NULL,NULL,NULL,NULL,NULL,NULL,NULL,'2018-10-13 08:07:38','2018-10-13 08:07:38'),(282,'CUST_282','customer282',1,NULL,NULL,NULL,NULL,NULL,NULL,NULL,NULL,'2018-10-13 08:07:38','2018-10-13 08:07:38'),(283,'CUST_283','customer283',1,NULL,NULL,NULL,NULL,NULL,NULL,NULL,NULL,'2018-10-13 08:07:38','2018-10-13 08:07:38'),(284,'CUST_284','customer284',2,NULL,NULL,NULL,NULL,NULL,NULL,NULL,NULL,'2018-10-13 08:07:38','2018-10-13 08:07:38'),(285,'CUST_285','customer285',2,NULL,NULL,NULL,NULL,NULL,NULL,NULL,NULL,'2018-10-13 08:07:38','2018-10-13 08:07:38'),(286,'CUST_286','customer286',2,NULL,NULL,NULL,NULL,NULL,NULL,NULL,NULL,'2018-10-13 08:07:38','2018-10-13 08:07:38'),(287,'CUST_287','customer287',1,NULL,NULL,NULL,NULL,NULL,NULL,NULL,NULL,'2018-10-13 08:07:38','2018-10-13 08:07:38'),(288,'CUST_288','customer288',1,NULL,NULL,NULL,NULL,NULL,NULL,NULL,NULL,'2018-10-13 08:07:38','2018-10-13 08:07:38'),(289,'CUST_289','customer289',2,NULL,NULL,NULL,NULL,NULL,NULL,NULL,NULL,'2018-10-13 08:07:38','2018-10-13 08:07:38'),(290,'CUST_290','customer290',1,NULL,NULL,NULL,NULL,NULL,NULL,NULL,NULL,'2018-10-13 08:07:38','2018-10-13 08:07:38'),(291,'CUST_291','customer291',2,NULL,NULL,NULL,NULL,NULL,NULL,NULL,NULL,'2018-10-13 08:07:38','2018-10-13 08:07:38'),(292,'CUST_292','customer292',2,NULL,NULL,NULL,NULL,NULL,NULL,NULL,NULL,'2018-10-13 08:07:38','2018-10-13 08:07:38'),(293,'CUST_293','customer293',2,NULL,NULL,NULL,NULL,NULL,NULL,NULL,NULL,'2018-10-13 08:07:38','2018-10-13 08:07:38'),(294,'CUST_294','customer294',1,NULL,NULL,NULL,NULL,NULL,NULL,NULL,NULL,'2018-10-13 08:07:38','2018-10-13 08:07:38'),(295,'CUST_295','customer295',1,NULL,NULL,NULL,NULL,NULL,NULL,NULL,NULL,'2018-10-13 08:07:38','2018-10-13 08:07:38'),(296,'CUST_296','customer296',2,NULL,NULL,NULL,NULL,NULL,NULL,NULL,NULL,'2018-10-13 08:07:38','2018-10-13 08:07:38'),(297,'CUST_297','customer297',2,NULL,NULL,NULL,NULL,NULL,NULL,NULL,NULL,'2018-10-13 08:07:38','2018-10-13 08:07:38'),(298,'CUST_298','customer298',1,NULL,NULL,NULL,NULL,NULL,NULL,NULL,NULL,'2018-10-13 08:07:38','2018-10-13 08:07:38'),(299,'CUST_299','customer299',1,NULL,NULL,NULL,NULL,NULL,NULL,NULL,NULL,'2018-10-13 08:07:38','2018-10-13 08:07:38'),(300,'CUST_300','customer300',1,NULL,NULL,NULL,NULL,NULL,NULL,NULL,NULL,'2018-10-13 08:07:38','2018-10-13 08:07:38'),(301,'CUST_301','customer301',2,NULL,NULL,NULL,NULL,NULL,NULL,NULL,NULL,'2018-10-13 08:07:38','2018-10-13 08:07:38'),(302,'CUST_302','customer302',1,NULL,NULL,NULL,NULL,NULL,NULL,NULL,NULL,'2018-10-13 08:07:38','2018-10-13 08:07:38'),(303,'CUST_303','customer303',2,NULL,NULL,NULL,NULL,NULL,NULL,NULL,NULL,'2018-10-13 08:07:38','2018-10-13 08:07:38'),(304,'CUST_304','customer304',2,NULL,NULL,NULL,NULL,NULL,NULL,NULL,NULL,'2018-10-13 08:07:38','2018-10-13 08:07:38'),(305,'CUST_305','customer305',2,NULL,NULL,NULL,NULL,NULL,NULL,NULL,NULL,'2018-10-13 08:07:38','2018-10-13 08:07:38'),(306,'CUST_306','customer306',1,NULL,NULL,NULL,NULL,NULL,NULL,NULL,NULL,'2018-10-13 08:07:38','2018-10-13 08:07:38'),(307,'CUST_307','customer307',1,NULL,NULL,NULL,NULL,NULL,NULL,NULL,NULL,'2018-10-13 08:07:38','2018-10-13 08:07:38'),(308,'CUST_308','customer308',1,NULL,NULL,NULL,NULL,NULL,NULL,NULL,NULL,'2018-10-13 08:07:38','2018-10-13 08:07:38'),(309,'CUST_309','customer309',2,NULL,NULL,NULL,NULL,NULL,NULL,NULL,NULL,'2018-10-13 08:07:38','2018-10-13 08:07:38'),(310,'CUST_310','customer310',2,NULL,NULL,NULL,NULL,NULL,NULL,NULL,NULL,'2018-10-13 08:07:38','2018-10-13 08:07:38'),(311,'CUST_311','customer311',1,NULL,NULL,NULL,NULL,NULL,NULL,NULL,NULL,'2018-10-13 08:07:38','2018-10-13 08:07:38'),(312,'CUST_312','customer312',1,NULL,NULL,NULL,NULL,NULL,NULL,NULL,NULL,'2018-10-13 08:07:38','2018-10-13 08:07:38'),(313,'CUST_313','customer313',2,NULL,NULL,NULL,NULL,NULL,NULL,NULL,NULL,'2018-10-13 08:07:38','2018-10-13 08:07:38'),(314,'CUST_314','customer314',2,NULL,NULL,NULL,NULL,NULL,NULL,NULL,NULL,'2018-10-13 08:07:38','2018-10-13 08:07:38'),(315,'CUST_315','customer315',1,NULL,NULL,NULL,NULL,NULL,NULL,NULL,NULL,'2018-10-13 08:07:38','2018-10-13 08:07:38'),(316,'CUST_316','customer316',1,NULL,NULL,NULL,NULL,NULL,NULL,NULL,NULL,'2018-10-13 08:07:38','2018-10-13 08:07:38'),(317,'CUST_317','customer317',1,NULL,NULL,NULL,NULL,NULL,NULL,NULL,NULL,'2018-10-13 08:07:38','2018-10-13 08:07:38'),(318,'CUST_318','customer318',1,NULL,NULL,NULL,NULL,NULL,NULL,NULL,NULL,'2018-10-13 08:07:38','2018-10-13 08:07:38'),(319,'CUST_319','customer319',2,NULL,NULL,NULL,NULL,NULL,NULL,NULL,NULL,'2018-10-13 08:07:38','2018-10-13 08:07:38'),(320,'CUST_320','customer320',2,NULL,NULL,NULL,NULL,NULL,NULL,NULL,NULL,'2018-10-13 08:07:38','2018-10-13 08:07:38'),(321,'CUST_321','customer321',1,NULL,NULL,NULL,NULL,NULL,NULL,NULL,NULL,'2018-10-13 08:07:38','2018-10-13 08:07:38'),(322,'CUST_322','customer322',2,NULL,NULL,NULL,NULL,NULL,NULL,NULL,NULL,'2018-10-13 08:07:38','2018-10-13 08:07:38'),(323,'CUST_323','customer323',2,NULL,NULL,NULL,NULL,NULL,NULL,NULL,NULL,'2018-10-13 08:07:38','2018-10-13 08:07:38'),(324,'CUST_324','customer324',1,NULL,NULL,NULL,NULL,NULL,NULL,NULL,NULL,'2018-10-13 08:07:38','2018-10-13 08:07:38'),(325,'CUST_325','customer325',2,NULL,NULL,NULL,NULL,NULL,NULL,NULL,NULL,'2018-10-13 08:07:38','2018-10-13 08:07:38'),(326,'CUST_326','customer326',1,NULL,NULL,NULL,NULL,NULL,NULL,NULL,NULL,'2018-10-13 08:07:38','2018-10-13 08:07:38'),(327,'CUST_327','customer327',1,NULL,NULL,NULL,NULL,NULL,NULL,NULL,NULL,'2018-10-13 08:07:38','2018-10-13 08:07:38'),(328,'CUST_328','customer328',2,NULL,NULL,NULL,NULL,NULL,NULL,NULL,NULL,'2018-10-13 08:07:38','2018-10-13 08:07:38'),(329,'CUST_329','customer329',2,NULL,NULL,NULL,NULL,NULL,NULL,NULL,NULL,'2018-10-13 08:07:38','2018-10-13 08:07:38'),(330,'CUST_330','customer330',1,NULL,NULL,NULL,NULL,NULL,NULL,NULL,NULL,'2018-10-13 08:07:38','2018-10-13 08:07:38'),(331,'CUST_331','customer331',2,NULL,NULL,NULL,NULL,NULL,NULL,NULL,NULL,'2018-10-13 08:07:38','2018-10-13 08:07:38'),(332,'CUST_332','customer332',2,NULL,NULL,NULL,NULL,NULL,NULL,NULL,NULL,'2018-10-13 08:07:38','2018-10-13 08:07:38'),(333,'CUST_333','customer333',1,NULL,NULL,NULL,NULL,NULL,NULL,NULL,NULL,'2018-10-13 08:07:38','2018-10-13 08:07:38'),(334,'CUST_334','customer334',2,NULL,NULL,NULL,NULL,NULL,NULL,NULL,NULL,'2018-10-13 08:07:38','2018-10-13 08:07:38'),(335,'CUST_335','customer335',1,NULL,NULL,NULL,NULL,NULL,NULL,NULL,NULL,'2018-10-13 08:07:38','2018-10-13 08:07:38'),(336,'CUST_336','customer336',2,NULL,NULL,NULL,NULL,NULL,NULL,NULL,NULL,'2018-10-13 08:07:38','2018-10-13 08:07:38'),(337,'CUST_337','customer337',1,NULL,NULL,NULL,NULL,NULL,NULL,NULL,NULL,'2018-10-13 08:07:38','2018-10-13 08:07:38'),(338,'CUST_338','customer338',2,NULL,NULL,NULL,NULL,NULL,NULL,NULL,NULL,'2018-10-13 08:07:38','2018-10-13 08:07:38'),(339,'CUST_339','customer339',1,NULL,NULL,NULL,NULL,NULL,NULL,NULL,NULL,'2018-10-13 08:07:38','2018-10-13 08:07:38'),(340,'CUST_340','customer340',2,NULL,NULL,NULL,NULL,NULL,NULL,NULL,NULL,'2018-10-13 08:07:38','2018-10-13 08:07:38'),(341,'CUST_341','customer341',2,NULL,NULL,NULL,NULL,NULL,NULL,NULL,NULL,'2018-10-13 08:07:38','2018-10-13 08:07:38'),(342,'CUST_342','customer342',1,NULL,NULL,NULL,NULL,NULL,NULL,NULL,NULL,'2018-10-13 08:07:38','2018-10-13 08:07:38'),(343,'CUST_343','customer343',1,NULL,NULL,NULL,NULL,NULL,NULL,NULL,NULL,'2018-10-13 08:07:38','2018-10-13 08:07:38'),(344,'CUST_344','customer344',2,NULL,NULL,NULL,NULL,NULL,NULL,NULL,NULL,'2018-10-13 08:07:38','2018-10-13 08:07:38'),(345,'CUST_345','customer345',2,NULL,NULL,NULL,NULL,NULL,NULL,NULL,NULL,'2018-10-13 08:07:38','2018-10-13 08:07:38'),(346,'CUST_346','customer346',1,NULL,NULL,NULL,NULL,NULL,NULL,NULL,NULL,'2018-10-13 08:07:38','2018-10-13 08:07:38'),(347,'CUST_347','customer347',2,NULL,NULL,NULL,NULL,NULL,NULL,NULL,NULL,'2018-10-13 08:07:38','2018-10-13 08:07:38'),(348,'CUST_348','customer348',2,NULL,NULL,NULL,NULL,NULL,NULL,NULL,NULL,'2018-10-13 08:07:38','2018-10-13 08:07:38'),(349,'CUST_349','customer349',1,NULL,NULL,NULL,NULL,NULL,NULL,NULL,NULL,'2018-10-13 08:07:38','2018-10-13 08:07:38'),(350,'CUST_350','customer350',1,NULL,NULL,NULL,NULL,NULL,NULL,NULL,NULL,'2018-10-13 08:07:38','2018-10-13 08:07:38'),(351,'CUST_351','customer351',2,NULL,NULL,NULL,NULL,NULL,NULL,NULL,NULL,'2018-10-13 08:07:38','2018-10-13 08:07:38'),(352,'CUST_352','customer352',2,NULL,NULL,NULL,NULL,NULL,NULL,NULL,NULL,'2018-10-13 08:07:38','2018-10-13 08:07:38'),(353,'CUST_353','customer353',1,NULL,NULL,NULL,NULL,NULL,NULL,NULL,NULL,'2018-10-13 08:07:38','2018-10-13 08:07:38'),(354,'CUST_354','customer354',1,NULL,NULL,NULL,NULL,NULL,NULL,NULL,NULL,'2018-10-13 08:07:38','2018-10-13 08:07:38'),(355,'CUST_355','customer355',1,NULL,NULL,NULL,NULL,NULL,NULL,NULL,NULL,'2018-10-13 08:07:38','2018-10-13 08:07:38'),(356,'CUST_356','customer356',1,NULL,NULL,NULL,NULL,NULL,NULL,NULL,NULL,'2018-10-13 08:07:38','2018-10-13 08:07:38'),(357,'CUST_357','customer357',2,NULL,NULL,NULL,NULL,NULL,NULL,NULL,NULL,'2018-10-13 08:07:38','2018-10-13 08:07:38'),(358,'CUST_358','customer358',2,NULL,NULL,NULL,NULL,NULL,NULL,NULL,NULL,'2018-10-13 08:07:38','2018-10-13 08:07:38'),(359,'CUST_359','customer359',2,NULL,NULL,NULL,NULL,NULL,NULL,NULL,NULL,'2018-10-13 08:07:38','2018-10-13 08:07:38'),(360,'CUST_360','customer360',2,NULL,NULL,NULL,NULL,NULL,NULL,NULL,NULL,'2018-10-13 08:07:38','2018-10-13 08:07:38'),(361,'CUST_361','customer361',2,NULL,NULL,NULL,NULL,NULL,NULL,NULL,NULL,'2018-10-13 08:07:38','2018-10-13 08:07:38'),(362,'CUST_362','customer362',2,NULL,NULL,NULL,NULL,NULL,NULL,NULL,NULL,'2018-10-13 08:07:38','2018-10-13 08:07:38'),(363,'CUST_363','customer363',2,NULL,NULL,NULL,NULL,NULL,NULL,NULL,NULL,'2018-10-13 08:07:38','2018-10-13 08:07:38'),(364,'CUST_364','customer364',1,NULL,NULL,NULL,NULL,NULL,NULL,NULL,NULL,'2018-10-13 08:07:38','2018-10-13 08:07:38'),(365,'CUST_365','customer365',2,NULL,NULL,NULL,NULL,NULL,NULL,NULL,NULL,'2018-10-13 08:07:38','2018-10-13 08:07:38'),(366,'CUST_366','customer366',1,NULL,NULL,NULL,NULL,NULL,NULL,NULL,NULL,'2018-10-13 08:07:38','2018-10-13 08:07:38'),(367,'CUST_367','customer367',2,NULL,NULL,NULL,NULL,NULL,NULL,NULL,NULL,'2018-10-13 08:07:38','2018-10-13 08:07:38'),(368,'CUST_368','customer368',1,NULL,NULL,NULL,NULL,NULL,NULL,NULL,NULL,'2018-10-13 08:07:38','2018-10-13 08:07:38'),(369,'CUST_369','customer369',1,NULL,NULL,NULL,NULL,NULL,NULL,NULL,NULL,'2018-10-13 08:07:38','2018-10-13 08:07:38'),(370,'CUST_370','customer370',1,NULL,NULL,NULL,NULL,NULL,NULL,NULL,NULL,'2018-10-13 08:07:38','2018-10-13 08:07:38'),(371,'CUST_371','customer371',1,NULL,NULL,NULL,NULL,NULL,NULL,NULL,NULL,'2018-10-13 08:07:38','2018-10-13 08:07:38'),(372,'CUST_372','customer372',1,NULL,NULL,NULL,NULL,NULL,NULL,NULL,NULL,'2018-10-13 08:07:38','2018-10-13 08:07:38'),(373,'CUST_373','customer373',2,NULL,NULL,NULL,NULL,NULL,NULL,NULL,NULL,'2018-10-13 08:07:38','2018-10-13 08:07:38'),(374,'CUST_374','customer374',2,NULL,NULL,NULL,NULL,NULL,NULL,NULL,NULL,'2018-10-13 08:07:38','2018-10-13 08:07:38'),(375,'CUST_375','customer375',2,NULL,NULL,NULL,NULL,NULL,NULL,NULL,NULL,'2018-10-13 08:07:38','2018-10-13 08:07:38'),(376,'CUST_376','customer376',2,NULL,NULL,NULL,NULL,NULL,NULL,NULL,NULL,'2018-10-13 08:07:38','2018-10-13 08:07:38'),(377,'CUST_377','customer377',2,NULL,NULL,NULL,NULL,NULL,NULL,NULL,NULL,'2018-10-13 08:07:38','2018-10-13 08:07:38'),(378,'CUST_378','customer378',2,NULL,NULL,NULL,NULL,NULL,NULL,NULL,NULL,'2018-10-13 08:07:38','2018-10-13 08:07:38'),(379,'CUST_379','customer379',1,NULL,NULL,NULL,NULL,NULL,NULL,NULL,NULL,'2018-10-13 08:07:38','2018-10-13 08:07:38'),(380,'CUST_380','customer380',1,NULL,NULL,NULL,NULL,NULL,NULL,NULL,NULL,'2018-10-13 08:07:38','2018-10-13 08:07:38'),(381,'CUST_381','customer381',2,NULL,NULL,NULL,NULL,NULL,NULL,NULL,NULL,'2018-10-13 08:07:38','2018-10-13 08:07:38'),(382,'CUST_382','customer382',2,NULL,NULL,NULL,NULL,NULL,NULL,NULL,NULL,'2018-10-13 08:07:38','2018-10-13 08:07:38'),(383,'CUST_383','customer383',2,NULL,NULL,NULL,NULL,NULL,NULL,NULL,NULL,'2018-10-13 08:07:38','2018-10-13 08:07:38'),(384,'CUST_384','customer384',2,NULL,NULL,NULL,NULL,NULL,NULL,NULL,NULL,'2018-10-13 08:07:38','2018-10-13 08:07:38'),(385,'CUST_385','customer385',1,NULL,NULL,NULL,NULL,NULL,NULL,NULL,NULL,'2018-10-13 08:07:38','2018-10-13 08:07:38'),(386,'CUST_386','customer386',1,NULL,NULL,NULL,NULL,NULL,NULL,NULL,NULL,'2018-10-13 08:07:38','2018-10-13 08:07:38'),(387,'CUST_387','customer387',2,NULL,NULL,NULL,NULL,NULL,NULL,NULL,NULL,'2018-10-13 08:07:38','2018-10-13 08:07:38'),(388,'CUST_388','customer388',2,NULL,NULL,NULL,NULL,NULL,NULL,NULL,NULL,'2018-10-13 08:07:38','2018-10-13 08:07:38'),(389,'CUST_389','customer389',2,NULL,NULL,NULL,NULL,NULL,NULL,NULL,NULL,'2018-10-13 08:07:38','2018-10-13 08:07:38'),(390,'CUST_390','customer390',1,NULL,NULL,NULL,NULL,NULL,NULL,NULL,NULL,'2018-10-13 08:07:38','2018-10-13 08:07:38'),(391,'CUST_391','customer391',1,NULL,NULL,NULL,NULL,NULL,NULL,NULL,NULL,'2018-10-13 08:07:38','2018-10-13 08:07:38'),(392,'CUST_392','customer392',1,NULL,NULL,NULL,NULL,NULL,NULL,NULL,NULL,'2018-10-13 08:07:38','2018-10-13 08:07:38'),(393,'CUST_393','customer393',1,NULL,NULL,NULL,NULL,NULL,NULL,NULL,NULL,'2018-10-13 08:07:38','2018-10-13 08:07:38'),(394,'CUST_394','customer394',2,NULL,NULL,NULL,NULL,NULL,NULL,NULL,NULL,'2018-10-13 08:07:38','2018-10-13 08:07:38'),(395,'CUST_395','customer395',1,NULL,NULL,NULL,NULL,NULL,NULL,NULL,NULL,'2018-10-13 08:07:38','2018-10-13 08:07:38'),(396,'CUST_396','customer396',2,NULL,NULL,NULL,NULL,NULL,NULL,NULL,NULL,'2018-10-13 08:07:38','2018-10-13 08:07:38'),(397,'CUST_397','customer397',2,NULL,NULL,NULL,NULL,NULL,NULL,NULL,NULL,'2018-10-13 08:07:38','2018-10-13 08:07:38'),(398,'CUST_398','customer398',1,NULL,NULL,NULL,NULL,NULL,NULL,NULL,NULL,'2018-10-13 08:07:38','2018-10-13 08:07:38'),(399,'CUST_399','customer399',1,NULL,NULL,NULL,NULL,NULL,NULL,NULL,NULL,'2018-10-13 08:07:38','2018-10-13 08:07:38'),(400,'CUST_400','customer400',2,NULL,NULL,NULL,NULL,NULL,NULL,NULL,NULL,'2018-10-13 08:07:38','2018-10-13 08:07:38'),(401,'CUST_401','customer401',2,NULL,NULL,NULL,NULL,NULL,NULL,NULL,NULL,'2018-10-13 08:07:38','2018-10-13 08:07:38'),(402,'CUST_402','customer402',2,NULL,NULL,NULL,NULL,NULL,NULL,NULL,NULL,'2018-10-13 08:07:38','2018-10-13 08:07:38'),(403,'CUST_403','customer403',2,NULL,NULL,NULL,NULL,NULL,NULL,NULL,NULL,'2018-10-13 08:07:38','2018-10-13 08:07:38'),(404,'CUST_404','customer404',2,NULL,NULL,NULL,NULL,NULL,NULL,NULL,NULL,'2018-10-13 08:07:38','2018-10-13 08:07:38'),(405,'CUST_405','customer405',2,NULL,NULL,NULL,NULL,NULL,NULL,NULL,NULL,'2018-10-13 08:07:38','2018-10-13 08:07:38'),(406,'CUST_406','customer406',1,NULL,NULL,NULL,NULL,NULL,NULL,NULL,NULL,'2018-10-13 08:07:38','2018-10-13 08:07:38'),(407,'CUST_407','customer407',1,NULL,NULL,NULL,NULL,NULL,NULL,NULL,NULL,'2018-10-13 08:07:38','2018-10-13 08:07:38'),(408,'CUST_408','customer408',1,NULL,NULL,NULL,NULL,NULL,NULL,NULL,NULL,'2018-10-13 08:07:38','2018-10-13 08:07:38'),(409,'CUST_409','customer409',1,NULL,NULL,NULL,NULL,NULL,NULL,NULL,NULL,'2018-10-13 08:07:38','2018-10-13 08:07:38'),(410,'CUST_410','customer410',1,NULL,NULL,NULL,NULL,NULL,NULL,NULL,NULL,'2018-10-13 08:07:38','2018-10-13 08:07:38'),(411,'CUST_411','customer411',1,NULL,NULL,NULL,NULL,NULL,NULL,NULL,NULL,'2018-10-13 08:07:38','2018-10-13 08:07:38'),(412,'CUST_412','customer412',1,NULL,NULL,NULL,NULL,NULL,NULL,NULL,NULL,'2018-10-13 08:07:38','2018-10-13 08:07:38'),(413,'CUST_413','customer413',2,NULL,NULL,NULL,NULL,NULL,NULL,NULL,NULL,'2018-10-13 08:07:38','2018-10-13 08:07:38'),(414,'CUST_414','customer414',2,NULL,NULL,NULL,NULL,NULL,NULL,NULL,NULL,'2018-10-13 08:07:38','2018-10-13 08:07:38'),(415,'CUST_415','customer415',1,NULL,NULL,NULL,NULL,NULL,NULL,NULL,NULL,'2018-10-13 08:07:38','2018-10-13 08:07:38'),(416,'CUST_416','customer416',2,NULL,NULL,NULL,NULL,NULL,NULL,NULL,NULL,'2018-10-13 08:07:38','2018-10-13 08:07:38'),(417,'CUST_417','customer417',2,NULL,NULL,NULL,NULL,NULL,NULL,NULL,NULL,'2018-10-13 08:07:38','2018-10-13 08:07:38'),(418,'CUST_418','customer418',2,NULL,NULL,NULL,NULL,NULL,NULL,NULL,NULL,'2018-10-13 08:07:38','2018-10-13 08:07:38'),(419,'CUST_419','customer419',1,NULL,NULL,NULL,NULL,NULL,NULL,NULL,NULL,'2018-10-13 08:07:38','2018-10-13 08:07:38'),(420,'CUST_420','customer420',2,NULL,NULL,NULL,NULL,NULL,NULL,NULL,NULL,'2018-10-13 08:07:38','2018-10-13 08:07:38'),(421,'CUST_421','customer421',1,NULL,NULL,NULL,NULL,NULL,NULL,NULL,NULL,'2018-10-13 08:07:38','2018-10-13 08:07:38'),(422,'CUST_422','customer422',1,NULL,NULL,NULL,NULL,NULL,NULL,NULL,NULL,'2018-10-13 08:07:38','2018-10-13 08:07:38'),(423,'CUST_423','customer423',1,NULL,NULL,NULL,NULL,NULL,NULL,NULL,NULL,'2018-10-13 08:07:38','2018-10-13 08:07:38'),(424,'CUST_424','customer424',1,NULL,NULL,NULL,NULL,NULL,NULL,NULL,NULL,'2018-10-13 08:07:38','2018-10-13 08:07:38'),(425,'CUST_425','customer425',1,NULL,NULL,NULL,NULL,NULL,NULL,NULL,NULL,'2018-10-13 08:07:38','2018-10-13 08:07:38'),(426,'CUST_426','customer426',1,NULL,NULL,NULL,NULL,NULL,NULL,NULL,NULL,'2018-10-13 08:07:38','2018-10-13 08:07:38'),(427,'CUST_427','customer427',1,NULL,NULL,NULL,NULL,NULL,NULL,NULL,NULL,'2018-10-13 08:07:38','2018-10-13 08:07:38'),(428,'CUST_428','customer428',2,NULL,NULL,NULL,NULL,NULL,NULL,NULL,NULL,'2018-10-13 08:07:38','2018-10-13 08:07:38'),(429,'CUST_429','customer429',2,NULL,NULL,NULL,NULL,NULL,NULL,NULL,NULL,'2018-10-13 08:07:38','2018-10-13 08:07:38'),(430,'CUST_430','customer430',2,NULL,NULL,NULL,NULL,NULL,NULL,NULL,NULL,'2018-10-13 08:07:38','2018-10-13 08:07:38'),(431,'CUST_431','customer431',1,NULL,NULL,NULL,NULL,NULL,NULL,NULL,NULL,'2018-10-13 08:07:38','2018-10-13 08:07:38'),(432,'CUST_432','customer432',2,NULL,NULL,NULL,NULL,NULL,NULL,NULL,NULL,'2018-10-13 08:07:38','2018-10-13 08:07:38'),(433,'CUST_433','customer433',2,NULL,NULL,NULL,NULL,NULL,NULL,NULL,NULL,'2018-10-13 08:07:38','2018-10-13 08:07:38'),(434,'CUST_434','customer434',2,NULL,NULL,NULL,NULL,NULL,NULL,NULL,NULL,'2018-10-13 08:07:38','2018-10-13 08:07:38'),(435,'CUST_435','customer435',1,NULL,NULL,NULL,NULL,NULL,NULL,NULL,NULL,'2018-10-13 08:07:38','2018-10-13 08:07:38'),(436,'CUST_436','customer436',1,NULL,NULL,NULL,NULL,NULL,NULL,NULL,NULL,'2018-10-13 08:07:38','2018-10-13 08:07:38'),(437,'CUST_437','customer437',2,NULL,NULL,NULL,NULL,NULL,NULL,NULL,NULL,'2018-10-13 08:07:38','2018-10-13 08:07:38'),(438,'CUST_438','customer438',1,NULL,NULL,NULL,NULL,NULL,NULL,NULL,NULL,'2018-10-13 08:07:38','2018-10-13 08:07:38'),(439,'CUST_439','customer439',2,NULL,NULL,NULL,NULL,NULL,NULL,NULL,NULL,'2018-10-13 08:07:38','2018-10-13 08:07:38'),(440,'CUST_440','customer440',2,NULL,NULL,NULL,NULL,NULL,NULL,NULL,NULL,'2018-10-13 08:07:38','2018-10-13 08:07:38'),(441,'CUST_441','customer441',1,NULL,NULL,NULL,NULL,NULL,NULL,NULL,NULL,'2018-10-13 08:07:38','2018-10-13 08:07:38'),(442,'CUST_442','customer442',1,NULL,NULL,NULL,NULL,NULL,NULL,NULL,NULL,'2018-10-13 08:07:38','2018-10-13 08:07:38'),(443,'CUST_443','customer443',1,NULL,NULL,NULL,NULL,NULL,NULL,NULL,NULL,'2018-10-13 08:07:38','2018-10-13 08:07:38'),(444,'CUST_444','customer444',1,NULL,NULL,NULL,NULL,NULL,NULL,NULL,NULL,'2018-10-13 08:07:38','2018-10-13 08:07:38'),(445,'CUST_445','customer445',1,NULL,NULL,NULL,NULL,NULL,NULL,NULL,NULL,'2018-10-13 08:07:38','2018-10-13 08:07:38'),(446,'CUST_446','customer446',2,NULL,NULL,NULL,NULL,NULL,NULL,NULL,NULL,'2018-10-13 08:07:38','2018-10-13 08:07:38'),(447,'CUST_447','customer447',2,NULL,NULL,NULL,NULL,NULL,NULL,NULL,NULL,'2018-10-13 08:07:38','2018-10-13 08:07:38'),(448,'CUST_448','customer448',2,NULL,NULL,NULL,NULL,NULL,NULL,NULL,NULL,'2018-10-13 08:07:38','2018-10-13 08:07:38'),(449,'CUST_449','customer449',2,NULL,NULL,NULL,NULL,NULL,NULL,NULL,NULL,'2018-10-13 08:07:38','2018-10-13 08:07:38'),(450,'CUST_450','customer450',2,NULL,NULL,NULL,NULL,NULL,NULL,NULL,NULL,'2018-10-13 08:07:38','2018-10-13 08:07:38'),(451,'CUST_451','customer451',1,NULL,NULL,NULL,NULL,NULL,NULL,NULL,NULL,'2018-10-13 08:07:38','2018-10-13 08:07:38'),(452,'CUST_452','customer452',1,NULL,NULL,NULL,NULL,NULL,NULL,NULL,NULL,'2018-10-13 08:07:38','2018-10-13 08:07:38'),(453,'CUST_453','customer453',1,NULL,NULL,NULL,NULL,NULL,NULL,NULL,NULL,'2018-10-13 08:07:38','2018-10-13 08:07:38'),(454,'CUST_454','customer454',1,NULL,NULL,NULL,NULL,NULL,NULL,NULL,NULL,'2018-10-13 08:07:38','2018-10-13 08:07:38'),(455,'CUST_455','customer455',2,NULL,NULL,NULL,NULL,NULL,NULL,NULL,NULL,'2018-10-13 08:07:38','2018-10-13 08:07:38'),(456,'CUST_456','customer456',1,NULL,NULL,NULL,NULL,NULL,NULL,NULL,NULL,'2018-10-13 08:07:38','2018-10-13 08:07:38'),(457,'CUST_457','customer457',1,NULL,NULL,NULL,NULL,NULL,NULL,NULL,NULL,'2018-10-13 08:07:38','2018-10-13 08:07:38'),(458,'CUST_458','customer458',2,NULL,NULL,NULL,NULL,NULL,NULL,NULL,NULL,'2018-10-13 08:07:38','2018-10-13 08:07:38'),(459,'CUST_459','customer459',2,NULL,NULL,NULL,NULL,NULL,NULL,NULL,NULL,'2018-10-13 08:07:38','2018-10-13 08:07:38'),(460,'CUST_460','customer460',2,NULL,NULL,NULL,NULL,NULL,NULL,NULL,NULL,'2018-10-13 08:07:38','2018-10-13 08:07:38'),(461,'CUST_461','customer461',2,NULL,NULL,NULL,NULL,NULL,NULL,NULL,NULL,'2018-10-13 08:07:38','2018-10-13 08:07:38'),(462,'CUST_462','customer462',1,NULL,NULL,NULL,NULL,NULL,NULL,NULL,NULL,'2018-10-13 08:07:38','2018-10-13 08:07:38'),(463,'CUST_463','customer463',1,NULL,NULL,NULL,NULL,NULL,NULL,NULL,NULL,'2018-10-13 08:07:38','2018-10-13 08:07:38'),(464,'CUST_464','customer464',2,NULL,NULL,NULL,NULL,NULL,NULL,NULL,NULL,'2018-10-13 08:07:38','2018-10-13 08:07:38'),(465,'CUST_465','customer465',2,NULL,NULL,NULL,NULL,NULL,NULL,NULL,NULL,'2018-10-13 08:07:38','2018-10-13 08:07:38'),(466,'CUST_466','customer466',2,NULL,NULL,NULL,NULL,NULL,NULL,NULL,NULL,'2018-10-13 08:07:38','2018-10-13 08:07:38'),(467,'CUST_467','customer467',1,NULL,NULL,NULL,NULL,NULL,NULL,NULL,NULL,'2018-10-13 08:07:38','2018-10-13 08:07:38'),(468,'CUST_468','customer468',2,NULL,NULL,NULL,NULL,NULL,NULL,NULL,NULL,'2018-10-13 08:07:38','2018-10-13 08:07:38'),(469,'CUST_469','customer469',2,NULL,NULL,NULL,NULL,NULL,NULL,NULL,NULL,'2018-10-13 08:07:38','2018-10-13 08:07:38'),(470,'CUST_470','customer470',1,NULL,NULL,NULL,NULL,NULL,NULL,NULL,NULL,'2018-10-13 08:07:38','2018-10-13 08:07:38'),(471,'CUST_471','customer471',2,NULL,NULL,NULL,NULL,NULL,NULL,NULL,NULL,'2018-10-13 08:07:39','2018-10-13 08:07:39'),(472,'CUST_472','customer472',2,NULL,NULL,NULL,NULL,NULL,NULL,NULL,NULL,'2018-10-13 08:07:39','2018-10-13 08:07:39'),(473,'CUST_473','customer473',2,NULL,NULL,NULL,NULL,NULL,NULL,NULL,NULL,'2018-10-13 08:07:39','2018-10-13 08:07:39'),(474,'CUST_474','customer474',1,NULL,NULL,NULL,NULL,NULL,NULL,NULL,NULL,'2018-10-13 08:07:39','2018-10-13 08:07:39'),(475,'CUST_475','customer475',2,NULL,NULL,NULL,NULL,NULL,NULL,NULL,NULL,'2018-10-13 08:07:39','2018-10-13 08:07:39'),(476,'CUST_476','customer476',2,NULL,NULL,NULL,NULL,NULL,NULL,NULL,NULL,'2018-10-13 08:07:39','2018-10-13 08:07:39'),(477,'CUST_477','customer477',1,NULL,NULL,NULL,NULL,NULL,NULL,NULL,NULL,'2018-10-13 08:07:39','2018-10-13 08:07:39'),(478,'CUST_478','customer478',1,NULL,NULL,NULL,NULL,NULL,NULL,NULL,NULL,'2018-10-13 08:07:39','2018-10-13 08:07:39'),(479,'CUST_479','customer479',1,NULL,NULL,NULL,NULL,NULL,NULL,NULL,NULL,'2018-10-13 08:07:39','2018-10-13 08:07:39'),(480,'CUST_480','customer480',2,NULL,NULL,NULL,NULL,NULL,NULL,NULL,NULL,'2018-10-13 08:07:39','2018-10-13 08:07:39'),(481,'CUST_481','customer481',1,NULL,NULL,NULL,NULL,NULL,NULL,NULL,NULL,'2018-10-13 08:07:39','2018-10-13 08:07:39'),(482,'CUST_482','customer482',1,NULL,NULL,NULL,NULL,NULL,NULL,NULL,NULL,'2018-10-13 08:07:39','2018-10-13 08:07:39'),(483,'CUST_483','customer483',2,NULL,NULL,NULL,NULL,NULL,NULL,NULL,NULL,'2018-10-13 08:07:39','2018-10-13 08:07:39'),(484,'CUST_484','customer484',1,NULL,NULL,NULL,NULL,NULL,NULL,NULL,NULL,'2018-10-13 08:07:39','2018-10-13 08:07:39'),(485,'CUST_485','customer485',1,NULL,NULL,NULL,NULL,NULL,NULL,NULL,NULL,'2018-10-13 08:07:39','2018-10-13 08:07:39'),(486,'CUST_486','customer486',2,NULL,NULL,NULL,NULL,NULL,NULL,NULL,NULL,'2018-10-13 08:07:39','2018-10-13 08:07:39'),(487,'CUST_487','customer487',2,NULL,NULL,NULL,NULL,NULL,NULL,NULL,NULL,'2018-10-13 08:07:39','2018-10-13 08:07:39'),(488,'CUST_488','customer488',2,NULL,NULL,NULL,NULL,NULL,NULL,NULL,NULL,'2018-10-13 08:07:39','2018-10-13 08:07:39'),(489,'CUST_489','customer489',1,NULL,NULL,NULL,NULL,NULL,NULL,NULL,NULL,'2018-10-13 08:07:39','2018-10-13 08:07:39'),(490,'CUST_490','customer490',1,NULL,NULL,NULL,NULL,NULL,NULL,NULL,NULL,'2018-10-13 08:07:39','2018-10-13 08:07:39'),(491,'CUST_491','customer491',1,NULL,NULL,NULL,NULL,NULL,NULL,NULL,NULL,'2018-10-13 08:07:39','2018-10-13 08:07:39'),(492,'CUST_492','customer492',2,NULL,NULL,NULL,NULL,NULL,NULL,NULL,NULL,'2018-10-13 08:07:39','2018-10-13 08:07:39'),(493,'CUST_493','customer493',1,NULL,NULL,NULL,NULL,NULL,NULL,NULL,NULL,'2018-10-13 08:07:39','2018-10-13 08:07:39'),(494,'CUST_494','customer494',2,NULL,NULL,NULL,NULL,NULL,NULL,NULL,NULL,'2018-10-13 08:07:39','2018-10-13 08:07:39'),(495,'CUST_495','customer495',1,NULL,NULL,NULL,NULL,NULL,NULL,NULL,NULL,'2018-10-13 08:07:39','2018-10-13 08:07:39'),(496,'CUST_496','customer496',2,NULL,NULL,NULL,NULL,NULL,NULL,NULL,NULL,'2018-10-13 08:07:39','2018-10-13 08:07:39'),(497,'CUST_497','customer497',1,NULL,NULL,NULL,NULL,NULL,NULL,NULL,NULL,'2018-10-13 08:07:39','2018-10-13 08:07:39'),(498,'CUST_498','customer498',2,NULL,NULL,NULL,NULL,NULL,NULL,NULL,NULL,'2018-10-13 08:07:39','2018-10-13 08:07:39'),(499,'CUST_499','customer499',2,NULL,NULL,NULL,NULL,NULL,NULL,NULL,NULL,'2018-10-13 08:07:39','2018-10-13 08:07:39'),(500,'CUST_500','customer500',1,NULL,NULL,NULL,NULL,NULL,NULL,NULL,NULL,'2018-10-13 08:07:39','2018-10-13 08:07:39'),(501,'CUST_501','customer501',2,NULL,NULL,NULL,NULL,NULL,NULL,NULL,NULL,'2018-10-13 08:07:39','2018-10-13 08:07:39'),(502,'CUST_502','customer502',2,NULL,NULL,NULL,NULL,NULL,NULL,NULL,NULL,'2018-10-13 08:07:39','2018-10-13 08:07:39'),(503,'CUST_503','customer503',1,NULL,NULL,NULL,NULL,NULL,NULL,NULL,NULL,'2018-10-13 08:07:39','2018-10-13 08:07:39'),(504,'CUST_504','customer504',1,NULL,NULL,NULL,NULL,NULL,NULL,NULL,NULL,'2018-10-13 08:07:39','2018-10-13 08:07:39'),(505,'CUST_505','customer505',1,NULL,NULL,NULL,NULL,NULL,NULL,NULL,NULL,'2018-10-13 08:07:39','2018-10-13 08:07:39'),(506,'CUST_506','customer506',2,NULL,NULL,NULL,NULL,NULL,NULL,NULL,NULL,'2018-10-13 08:07:39','2018-10-13 08:07:39'),(507,'CUST_507','customer507',2,NULL,NULL,NULL,NULL,NULL,NULL,NULL,NULL,'2018-10-13 08:07:39','2018-10-13 08:07:39'),(508,'CUST_508','customer508',1,NULL,NULL,NULL,NULL,NULL,NULL,NULL,NULL,'2018-10-13 08:07:39','2018-10-13 08:07:39'),(509,'CUST_509','customer509',2,NULL,NULL,NULL,NULL,NULL,NULL,NULL,NULL,'2018-10-13 08:07:39','2018-10-13 08:07:39'),(510,'CUST_510','customer510',1,NULL,NULL,NULL,NULL,NULL,NULL,NULL,NULL,'2018-10-13 08:07:39','2018-10-13 08:07:39'),(511,'CUST_511','customer511',2,NULL,NULL,NULL,NULL,NULL,NULL,NULL,NULL,'2018-10-13 08:07:39','2018-10-13 08:07:39'),(512,'CUST_512','customer512',2,NULL,NULL,NULL,NULL,NULL,NULL,NULL,NULL,'2018-10-13 08:07:39','2018-10-13 08:07:39'),(513,'CUST_513','customer513',2,NULL,NULL,NULL,NULL,NULL,NULL,NULL,NULL,'2018-10-13 08:07:39','2018-10-13 08:07:39'),(514,'CUST_514','customer514',1,NULL,NULL,NULL,NULL,NULL,NULL,NULL,NULL,'2018-10-13 08:07:39','2018-10-13 08:07:39'),(515,'CUST_515','customer515',2,NULL,NULL,NULL,NULL,NULL,NULL,NULL,NULL,'2018-10-13 08:07:39','2018-10-13 08:07:39'),(516,'CUST_516','customer516',2,NULL,NULL,NULL,NULL,NULL,NULL,NULL,NULL,'2018-10-13 08:07:39','2018-10-13 08:07:39'),(517,'CUST_517','customer517',1,NULL,NULL,NULL,NULL,NULL,NULL,NULL,NULL,'2018-10-13 08:07:39','2018-10-13 08:07:39'),(518,'CUST_518','customer518',2,NULL,NULL,NULL,NULL,NULL,NULL,NULL,NULL,'2018-10-13 08:07:39','2018-10-13 08:07:39'),(519,'CUST_519','customer519',2,NULL,NULL,NULL,NULL,NULL,NULL,NULL,NULL,'2018-10-13 08:07:39','2018-10-13 08:07:39'),(520,'CUST_520','customer520',2,NULL,NULL,NULL,NULL,NULL,NULL,NULL,NULL,'2018-10-13 08:07:39','2018-10-13 08:07:39'),(521,'CUST_521','customer521',1,NULL,NULL,NULL,NULL,NULL,NULL,NULL,NULL,'2018-10-13 08:07:39','2018-10-13 08:07:39'),(522,'CUST_522','customer522',2,NULL,NULL,NULL,NULL,NULL,NULL,NULL,NULL,'2018-10-13 08:07:39','2018-10-13 08:07:39'),(523,'CUST_523','customer523',1,NULL,NULL,NULL,NULL,NULL,NULL,NULL,NULL,'2018-10-13 08:07:39','2018-10-13 08:07:39'),(524,'CUST_524','customer524',2,NULL,NULL,NULL,NULL,NULL,NULL,NULL,NULL,'2018-10-13 08:07:39','2018-10-13 08:07:39'),(525,'CUST_525','customer525',1,NULL,NULL,NULL,NULL,NULL,NULL,NULL,NULL,'2018-10-13 08:07:39','2018-10-13 08:07:39'),(526,'CUST_526','customer526',1,NULL,NULL,NULL,NULL,NULL,NULL,NULL,NULL,'2018-10-13 08:07:39','2018-10-13 08:07:39'),(527,'CUST_527','customer527',2,NULL,NULL,NULL,NULL,NULL,NULL,NULL,NULL,'2018-10-13 08:07:39','2018-10-13 08:07:39'),(528,'CUST_528','customer528',2,NULL,NULL,NULL,NULL,NULL,NULL,NULL,NULL,'2018-10-13 08:07:39','2018-10-13 08:07:39'),(529,'CUST_529','customer529',1,NULL,NULL,NULL,NULL,NULL,NULL,NULL,NULL,'2018-10-13 08:07:39','2018-10-13 08:07:39'),(530,'CUST_530','customer530',2,NULL,NULL,NULL,NULL,NULL,NULL,NULL,NULL,'2018-10-13 08:07:39','2018-10-13 08:07:39'),(531,'CUST_531','customer531',2,NULL,NULL,NULL,NULL,NULL,NULL,NULL,NULL,'2018-10-13 08:07:39','2018-10-13 08:07:39'),(532,'CUST_532','customer532',1,NULL,NULL,NULL,NULL,NULL,NULL,NULL,NULL,'2018-10-13 08:07:39','2018-10-13 08:07:39'),(533,'CUST_533','customer533',2,NULL,NULL,NULL,NULL,NULL,NULL,NULL,NULL,'2018-10-13 08:07:39','2018-10-13 08:07:39'),(534,'CUST_534','customer534',1,NULL,NULL,NULL,NULL,NULL,NULL,NULL,NULL,'2018-10-13 08:07:39','2018-10-13 08:07:39'),(535,'CUST_535','customer535',1,NULL,NULL,NULL,NULL,NULL,NULL,NULL,NULL,'2018-10-13 08:07:39','2018-10-13 08:07:39'),(536,'CUST_536','customer536',1,NULL,NULL,NULL,NULL,NULL,NULL,NULL,NULL,'2018-10-13 08:07:39','2018-10-13 08:07:39'),(537,'CUST_537','customer537',1,NULL,NULL,NULL,NULL,NULL,NULL,NULL,NULL,'2018-10-13 08:07:39','2018-10-13 08:07:39'),(538,'CUST_538','customer538',2,NULL,NULL,NULL,NULL,NULL,NULL,NULL,NULL,'2018-10-13 08:07:39','2018-10-13 08:07:39'),(539,'CUST_539','customer539',2,NULL,NULL,NULL,NULL,NULL,NULL,NULL,NULL,'2018-10-13 08:07:39','2018-10-13 08:07:39'),(540,'CUST_540','customer540',2,NULL,NULL,NULL,NULL,NULL,NULL,NULL,NULL,'2018-10-13 08:07:39','2018-10-13 08:07:39'),(541,'CUST_541','customer541',2,NULL,NULL,NULL,NULL,NULL,NULL,NULL,NULL,'2018-10-13 08:07:39','2018-10-13 08:07:39'),(542,'CUST_542','customer542',2,NULL,NULL,NULL,NULL,NULL,NULL,NULL,NULL,'2018-10-13 08:07:39','2018-10-13 08:07:39'),(543,'CUST_543','customer543',1,NULL,NULL,NULL,NULL,NULL,NULL,NULL,NULL,'2018-10-13 08:07:39','2018-10-13 08:07:39'),(544,'CUST_544','customer544',2,NULL,NULL,NULL,NULL,NULL,NULL,NULL,NULL,'2018-10-13 08:07:39','2018-10-13 08:07:39'),(545,'CUST_545','customer545',2,NULL,NULL,NULL,NULL,NULL,NULL,NULL,NULL,'2018-10-13 08:07:39','2018-10-13 08:07:39'),(546,'CUST_546','customer546',2,NULL,NULL,NULL,NULL,NULL,NULL,NULL,NULL,'2018-10-13 08:07:39','2018-10-13 08:07:39'),(547,'CUST_547','customer547',1,NULL,NULL,NULL,NULL,NULL,NULL,NULL,NULL,'2018-10-13 08:07:39','2018-10-13 08:07:39'),(548,'CUST_548','customer548',2,NULL,NULL,NULL,NULL,NULL,NULL,NULL,NULL,'2018-10-13 08:07:39','2018-10-13 08:07:39'),(549,'CUST_549','customer549',1,NULL,NULL,NULL,NULL,NULL,NULL,NULL,NULL,'2018-10-13 08:07:39','2018-10-13 08:07:39'),(550,'CUST_550','customer550',1,NULL,NULL,NULL,NULL,NULL,NULL,NULL,NULL,'2018-10-13 08:07:39','2018-10-13 08:07:39'),(551,'CUST_551','customer551',1,NULL,NULL,NULL,NULL,NULL,NULL,NULL,NULL,'2018-10-13 08:07:39','2018-10-13 08:07:39'),(552,'CUST_552','customer552',2,NULL,NULL,NULL,NULL,NULL,NULL,NULL,NULL,'2018-10-13 08:07:39','2018-10-13 08:07:39'),(553,'CUST_553','customer553',1,NULL,NULL,NULL,NULL,NULL,NULL,NULL,NULL,'2018-10-13 08:07:39','2018-10-13 08:07:39'),(554,'CUST_554','customer554',2,NULL,NULL,NULL,NULL,NULL,NULL,NULL,NULL,'2018-10-13 08:07:39','2018-10-13 08:07:39'),(555,'CUST_555','customer555',1,NULL,NULL,NULL,NULL,NULL,NULL,NULL,NULL,'2018-10-13 08:07:39','2018-10-13 08:07:39'),(556,'CUST_556','customer556',2,NULL,NULL,NULL,NULL,NULL,NULL,NULL,NULL,'2018-10-13 08:07:39','2018-10-13 08:07:39'),(557,'CUST_557','customer557',1,NULL,NULL,NULL,NULL,NULL,NULL,NULL,NULL,'2018-10-13 08:07:39','2018-10-13 08:07:39'),(558,'CUST_558','customer558',1,NULL,NULL,NULL,NULL,NULL,NULL,NULL,NULL,'2018-10-13 08:07:39','2018-10-13 08:07:39'),(559,'CUST_559','customer559',1,NULL,NULL,NULL,NULL,NULL,NULL,NULL,NULL,'2018-10-13 08:07:39','2018-10-13 08:07:39'),(560,'CUST_560','customer560',2,NULL,NULL,NULL,NULL,NULL,NULL,NULL,NULL,'2018-10-13 08:07:39','2018-10-13 08:07:39'),(561,'CUST_561','customer561',1,NULL,NULL,NULL,NULL,NULL,NULL,NULL,NULL,'2018-10-13 08:07:39','2018-10-13 08:07:39'),(562,'CUST_562','customer562',1,NULL,NULL,NULL,NULL,NULL,NULL,NULL,NULL,'2018-10-13 08:07:39','2018-10-13 08:07:39'),(563,'CUST_563','customer563',1,NULL,NULL,NULL,NULL,NULL,NULL,NULL,NULL,'2018-10-13 08:07:39','2018-10-13 08:07:39'),(564,'CUST_564','customer564',2,NULL,NULL,NULL,NULL,NULL,NULL,NULL,NULL,'2018-10-13 08:07:39','2018-10-13 08:07:39'),(565,'CUST_565','customer565',1,NULL,NULL,NULL,NULL,NULL,NULL,NULL,NULL,'2018-10-13 08:07:39','2018-10-13 08:07:39'),(566,'CUST_566','customer566',2,NULL,NULL,NULL,NULL,NULL,NULL,NULL,NULL,'2018-10-13 08:07:39','2018-10-13 08:07:39'),(567,'CUST_567','customer567',1,NULL,NULL,NULL,NULL,NULL,NULL,NULL,NULL,'2018-10-13 08:07:39','2018-10-13 08:07:39'),(568,'CUST_568','customer568',2,NULL,NULL,NULL,NULL,NULL,NULL,NULL,NULL,'2018-10-13 08:07:39','2018-10-13 08:07:39'),(569,'CUST_569','customer569',2,NULL,NULL,NULL,NULL,NULL,NULL,NULL,NULL,'2018-10-13 08:07:39','2018-10-13 08:07:39'),(570,'CUST_570','customer570',2,NULL,NULL,NULL,NULL,NULL,NULL,NULL,NULL,'2018-10-13 08:07:39','2018-10-13 08:07:39'),(571,'CUST_571','customer571',1,NULL,NULL,NULL,NULL,NULL,NULL,NULL,NULL,'2018-10-13 08:07:39','2018-10-13 08:07:39'),(572,'CUST_572','customer572',1,NULL,NULL,NULL,NULL,NULL,NULL,NULL,NULL,'2018-10-13 08:07:39','2018-10-13 08:07:39'),(573,'CUST_573','customer573',1,NULL,NULL,NULL,NULL,NULL,NULL,NULL,NULL,'2018-10-13 08:07:39','2018-10-13 08:07:39'),(574,'CUST_574','customer574',1,NULL,NULL,NULL,NULL,NULL,NULL,NULL,NULL,'2018-10-13 08:07:39','2018-10-13 08:07:39'),(575,'CUST_575','customer575',1,NULL,NULL,NULL,NULL,NULL,NULL,NULL,NULL,'2018-10-13 08:07:39','2018-10-13 08:07:39'),(576,'CUST_576','customer576',1,NULL,NULL,NULL,NULL,NULL,NULL,NULL,NULL,'2018-10-13 08:07:39','2018-10-13 08:07:39'),(577,'CUST_577','customer577',2,NULL,NULL,NULL,NULL,NULL,NULL,NULL,NULL,'2018-10-13 08:07:39','2018-10-13 08:07:39'),(578,'CUST_578','customer578',1,NULL,NULL,NULL,NULL,NULL,NULL,NULL,NULL,'2018-10-13 08:07:39','2018-10-13 08:07:39'),(579,'CUST_579','customer579',2,NULL,NULL,NULL,NULL,NULL,NULL,NULL,NULL,'2018-10-13 08:07:39','2018-10-13 08:07:39'),(580,'CUST_580','customer580',2,NULL,NULL,NULL,NULL,NULL,NULL,NULL,NULL,'2018-10-13 08:07:39','2018-10-13 08:07:39'),(581,'CUST_581','customer581',1,NULL,NULL,NULL,NULL,NULL,NULL,NULL,NULL,'2018-10-13 08:07:39','2018-10-13 08:07:39'),(582,'CUST_582','customer582',1,NULL,NULL,NULL,NULL,NULL,NULL,NULL,NULL,'2018-10-13 08:07:39','2018-10-13 08:07:39'),(583,'CUST_583','customer583',2,NULL,NULL,NULL,NULL,NULL,NULL,NULL,NULL,'2018-10-13 08:07:39','2018-10-13 08:07:39'),(584,'CUST_584','customer584',2,NULL,NULL,NULL,NULL,NULL,NULL,NULL,NULL,'2018-10-13 08:07:39','2018-10-13 08:07:39'),(585,'CUST_585','customer585',2,NULL,NULL,NULL,NULL,NULL,NULL,NULL,NULL,'2018-10-13 08:07:39','2018-10-13 08:07:39'),(586,'CUST_586','customer586',1,NULL,NULL,NULL,NULL,NULL,NULL,NULL,NULL,'2018-10-13 08:07:39','2018-10-13 08:07:39'),(587,'CUST_587','customer587',2,NULL,NULL,NULL,NULL,NULL,NULL,NULL,NULL,'2018-10-13 08:07:39','2018-10-13 08:07:39'),(588,'CUST_588','customer588',1,NULL,NULL,NULL,NULL,NULL,NULL,NULL,NULL,'2018-10-13 08:07:39','2018-10-13 08:07:39'),(589,'CUST_589','customer589',2,NULL,NULL,NULL,NULL,NULL,NULL,NULL,NULL,'2018-10-13 08:07:39','2018-10-13 08:07:39'),(590,'CUST_590','customer590',1,NULL,NULL,NULL,NULL,NULL,NULL,NULL,NULL,'2018-10-13 08:07:39','2018-10-13 08:07:39'),(591,'CUST_591','customer591',2,NULL,NULL,NULL,NULL,NULL,NULL,NULL,NULL,'2018-10-13 08:07:39','2018-10-13 08:07:39'),(592,'CUST_592','customer592',1,NULL,NULL,NULL,NULL,NULL,NULL,NULL,NULL,'2018-10-13 08:07:39','2018-10-13 08:07:39'),(593,'CUST_593','customer593',2,NULL,NULL,NULL,NULL,NULL,NULL,NULL,NULL,'2018-10-13 08:07:39','2018-10-13 08:07:39'),(594,'CUST_594','customer594',2,NULL,NULL,NULL,NULL,NULL,NULL,NULL,NULL,'2018-10-13 08:07:39','2018-10-13 08:07:39'),(595,'CUST_595','customer595',1,NULL,NULL,NULL,NULL,NULL,NULL,NULL,NULL,'2018-10-13 08:07:39','2018-10-13 08:07:39'),(596,'CUST_596','customer596',1,NULL,NULL,NULL,NULL,NULL,NULL,NULL,NULL,'2018-10-13 08:07:39','2018-10-13 08:07:39'),(597,'CUST_597','customer597',1,NULL,NULL,NULL,NULL,NULL,NULL,NULL,NULL,'2018-10-13 08:07:39','2018-10-13 08:07:39'),(598,'CUST_598','customer598',1,NULL,NULL,NULL,NULL,NULL,NULL,NULL,NULL,'2018-10-13 08:07:39','2018-10-13 08:07:39'),(599,'CUST_599','customer599',1,NULL,NULL,NULL,NULL,NULL,NULL,NULL,NULL,'2018-10-13 08:07:39','2018-10-13 08:07:39'),(600,'CUST_600','customer600',1,NULL,NULL,NULL,NULL,NULL,NULL,NULL,NULL,'2018-10-13 08:07:39','2018-10-13 08:07:39'),(601,'CUST_601','customer601',1,NULL,NULL,NULL,NULL,NULL,NULL,NULL,NULL,'2018-10-13 08:07:39','2018-10-13 08:07:39'),(602,'CUST_602','customer602',1,NULL,NULL,NULL,NULL,NULL,NULL,NULL,NULL,'2018-10-13 08:07:39','2018-10-13 08:07:39'),(603,'CUST_603','customer603',1,NULL,NULL,NULL,NULL,NULL,NULL,NULL,NULL,'2018-10-13 08:07:39','2018-10-13 08:07:39'),(604,'CUST_604','customer604',1,NULL,NULL,NULL,NULL,NULL,NULL,NULL,NULL,'2018-10-13 08:07:39','2018-10-13 08:07:39'),(605,'CUST_605','customer605',2,NULL,NULL,NULL,NULL,NULL,NULL,NULL,NULL,'2018-10-13 08:07:39','2018-10-13 08:07:39'),(606,'CUST_606','customer606',1,NULL,NULL,NULL,NULL,NULL,NULL,NULL,NULL,'2018-10-13 08:07:39','2018-10-13 08:07:39'),(607,'CUST_607','customer607',2,NULL,NULL,NULL,NULL,NULL,NULL,NULL,NULL,'2018-10-13 08:07:39','2018-10-13 08:07:39'),(608,'CUST_608','customer608',2,NULL,NULL,NULL,NULL,NULL,NULL,NULL,NULL,'2018-10-13 08:07:39','2018-10-13 08:07:39'),(609,'CUST_609','customer609',2,NULL,NULL,NULL,NULL,NULL,NULL,NULL,NULL,'2018-10-13 08:07:39','2018-10-13 08:07:39'),(610,'CUST_610','customer610',1,NULL,NULL,NULL,NULL,NULL,NULL,NULL,NULL,'2018-10-13 08:07:39','2018-10-13 08:07:39'),(611,'CUST_611','customer611',1,NULL,NULL,NULL,NULL,NULL,NULL,NULL,NULL,'2018-10-13 08:07:39','2018-10-13 08:07:39'),(612,'CUST_612','customer612',1,NULL,NULL,NULL,NULL,NULL,NULL,NULL,NULL,'2018-10-13 08:07:39','2018-10-13 08:07:39'),(613,'CUST_613','customer613',2,NULL,NULL,NULL,NULL,NULL,NULL,NULL,NULL,'2018-10-13 08:07:39','2018-10-13 08:07:39'),(614,'CUST_614','customer614',1,NULL,NULL,NULL,NULL,NULL,NULL,NULL,NULL,'2018-10-13 08:07:39','2018-10-13 08:07:39'),(615,'CUST_615','customer615',1,NULL,NULL,NULL,NULL,NULL,NULL,NULL,NULL,'2018-10-13 08:07:39','2018-10-13 08:07:39'),(616,'CUST_616','customer616',1,NULL,NULL,NULL,NULL,NULL,NULL,NULL,NULL,'2018-10-13 08:07:39','2018-10-13 08:07:39'),(617,'CUST_617','customer617',2,NULL,NULL,NULL,NULL,NULL,NULL,NULL,NULL,'2018-10-13 08:07:39','2018-10-13 08:07:39'),(618,'CUST_618','customer618',1,NULL,NULL,NULL,NULL,NULL,NULL,NULL,NULL,'2018-10-13 08:07:39','2018-10-13 08:07:39'),(619,'CUST_619','customer619',1,NULL,NULL,NULL,NULL,NULL,NULL,NULL,NULL,'2018-10-13 08:07:39','2018-10-13 08:07:39'),(620,'CUST_620','customer620',2,NULL,NULL,NULL,NULL,NULL,NULL,NULL,NULL,'2018-10-13 08:07:39','2018-10-13 08:07:39'),(621,'CUST_621','customer621',1,NULL,NULL,NULL,NULL,NULL,NULL,NULL,NULL,'2018-10-13 08:07:39','2018-10-13 08:07:39'),(622,'CUST_622','customer622',2,NULL,NULL,NULL,NULL,NULL,NULL,NULL,NULL,'2018-10-13 08:07:39','2018-10-13 08:07:39'),(623,'CUST_623','customer623',2,NULL,NULL,NULL,NULL,NULL,NULL,NULL,NULL,'2018-10-13 08:07:39','2018-10-13 08:07:39'),(624,'CUST_624','customer624',2,NULL,NULL,NULL,NULL,NULL,NULL,NULL,NULL,'2018-10-13 08:07:39','2018-10-13 08:07:39'),(625,'CUST_625','customer625',2,NULL,NULL,NULL,NULL,NULL,NULL,NULL,NULL,'2018-10-13 08:07:39','2018-10-13 08:07:39'),(626,'CUST_626','customer626',1,NULL,NULL,NULL,NULL,NULL,NULL,NULL,NULL,'2018-10-13 08:07:39','2018-10-13 08:07:39'),(627,'CUST_627','customer627',2,NULL,NULL,NULL,NULL,NULL,NULL,NULL,NULL,'2018-10-13 08:07:39','2018-10-13 08:07:39'),(628,'CUST_628','customer628',1,NULL,NULL,NULL,NULL,NULL,NULL,NULL,NULL,'2018-10-13 08:07:39','2018-10-13 08:07:39'),(629,'CUST_629','customer629',1,NULL,NULL,NULL,NULL,NULL,NULL,NULL,NULL,'2018-10-13 08:07:39','2018-10-13 08:07:39'),(630,'CUST_630','customer630',2,NULL,NULL,NULL,NULL,NULL,NULL,NULL,NULL,'2018-10-13 08:07:39','2018-10-13 08:07:39'),(631,'CUST_631','customer631',1,NULL,NULL,NULL,NULL,NULL,NULL,NULL,NULL,'2018-10-13 08:07:39','2018-10-13 08:07:39'),(632,'CUST_632','customer632',2,NULL,NULL,NULL,NULL,NULL,NULL,NULL,NULL,'2018-10-13 08:07:39','2018-10-13 08:07:39'),(633,'CUST_633','customer633',1,NULL,NULL,NULL,NULL,NULL,NULL,NULL,NULL,'2018-10-13 08:07:39','2018-10-13 08:07:39'),(634,'CUST_634','customer634',2,NULL,NULL,NULL,NULL,NULL,NULL,NULL,NULL,'2018-10-13 08:07:39','2018-10-13 08:07:39'),(635,'CUST_635','customer635',1,NULL,NULL,NULL,NULL,NULL,NULL,NULL,NULL,'2018-10-13 08:07:39','2018-10-13 08:07:39'),(636,'CUST_636','customer636',2,NULL,NULL,NULL,NULL,NULL,NULL,NULL,NULL,'2018-10-13 08:07:39','2018-10-13 08:07:39'),(637,'CUST_637','customer637',1,NULL,NULL,NULL,NULL,NULL,NULL,NULL,NULL,'2018-10-13 08:07:39','2018-10-13 08:07:39'),(638,'CUST_638','customer638',1,NULL,NULL,NULL,NULL,NULL,NULL,NULL,NULL,'2018-10-13 08:07:39','2018-10-13 08:07:39'),(639,'CUST_639','customer639',1,NULL,NULL,NULL,NULL,NULL,NULL,NULL,NULL,'2018-10-13 08:07:39','2018-10-13 08:07:39'),(640,'CUST_640','customer640',1,NULL,NULL,NULL,NULL,NULL,NULL,NULL,NULL,'2018-10-13 08:07:39','2018-10-13 08:07:39'),(641,'CUST_641','customer641',2,NULL,NULL,NULL,NULL,NULL,NULL,NULL,NULL,'2018-10-13 08:07:39','2018-10-13 08:07:39'),(642,'CUST_642','customer642',1,NULL,NULL,NULL,NULL,NULL,NULL,NULL,NULL,'2018-10-13 08:07:39','2018-10-13 08:07:39'),(643,'CUST_643','customer643',1,NULL,NULL,NULL,NULL,NULL,NULL,NULL,NULL,'2018-10-13 08:07:39','2018-10-13 08:07:39'),(644,'CUST_644','customer644',2,NULL,NULL,NULL,NULL,NULL,NULL,NULL,NULL,'2018-10-13 08:07:39','2018-10-13 08:07:39'),(645,'CUST_645','customer645',2,NULL,NULL,NULL,NULL,NULL,NULL,NULL,NULL,'2018-10-13 08:07:39','2018-10-13 08:07:39'),(646,'CUST_646','customer646',2,NULL,NULL,NULL,NULL,NULL,NULL,NULL,NULL,'2018-10-13 08:07:39','2018-10-13 08:07:39'),(647,'CUST_647','customer647',1,NULL,NULL,NULL,NULL,NULL,NULL,NULL,NULL,'2018-10-13 08:07:39','2018-10-13 08:07:39'),(648,'CUST_648','customer648',2,NULL,NULL,NULL,NULL,NULL,NULL,NULL,NULL,'2018-10-13 08:07:39','2018-10-13 08:07:39'),(649,'CUST_649','customer649',1,NULL,NULL,NULL,NULL,NULL,NULL,NULL,NULL,'2018-10-13 08:07:39','2018-10-13 08:07:39'),(650,'CUST_650','customer650',1,NULL,NULL,NULL,NULL,NULL,NULL,NULL,NULL,'2018-10-13 08:07:39','2018-10-13 08:07:39'),(651,'CUST_651','customer651',1,NULL,NULL,NULL,NULL,NULL,NULL,NULL,NULL,'2018-10-13 08:07:39','2018-10-13 08:07:39'),(652,'CUST_652','customer652',2,NULL,NULL,NULL,NULL,NULL,NULL,NULL,NULL,'2018-10-13 08:07:39','2018-10-13 08:07:39'),(653,'CUST_653','customer653',2,NULL,NULL,NULL,NULL,NULL,NULL,NULL,NULL,'2018-10-13 08:07:39','2018-10-13 08:07:39'),(654,'CUST_654','customer654',2,NULL,NULL,NULL,NULL,NULL,NULL,NULL,NULL,'2018-10-13 08:07:39','2018-10-13 08:07:39'),(655,'CUST_655','customer655',1,NULL,NULL,NULL,NULL,NULL,NULL,NULL,NULL,'2018-10-13 08:07:39','2018-10-13 08:07:39'),(656,'CUST_656','customer656',1,NULL,NULL,NULL,NULL,NULL,NULL,NULL,NULL,'2018-10-13 08:07:39','2018-10-13 08:07:39'),(657,'CUST_657','customer657',2,NULL,NULL,NULL,NULL,NULL,NULL,NULL,NULL,'2018-10-13 08:07:39','2018-10-13 08:07:39'),(658,'CUST_658','customer658',2,NULL,NULL,NULL,NULL,NULL,NULL,NULL,NULL,'2018-10-13 08:07:39','2018-10-13 08:07:39'),(659,'CUST_659','customer659',1,NULL,NULL,NULL,NULL,NULL,NULL,NULL,NULL,'2018-10-13 08:07:39','2018-10-13 08:07:39'),(660,'CUST_660','customer660',2,NULL,NULL,NULL,NULL,NULL,NULL,NULL,NULL,'2018-10-13 08:07:39','2018-10-13 08:07:39'),(661,'CUST_661','customer661',2,NULL,NULL,NULL,NULL,NULL,NULL,NULL,NULL,'2018-10-13 08:07:39','2018-10-13 08:07:39'),(662,'CUST_662','customer662',1,NULL,NULL,NULL,NULL,NULL,NULL,NULL,NULL,'2018-10-13 08:07:39','2018-10-13 08:07:39'),(663,'CUST_663','customer663',2,NULL,NULL,NULL,NULL,NULL,NULL,NULL,NULL,'2018-10-13 08:07:39','2018-10-13 08:07:39'),(664,'CUST_664','customer664',1,NULL,NULL,NULL,NULL,NULL,NULL,NULL,NULL,'2018-10-13 08:07:39','2018-10-13 08:07:39'),(665,'CUST_665','customer665',1,NULL,NULL,NULL,NULL,NULL,NULL,NULL,NULL,'2018-10-13 08:07:39','2018-10-13 08:07:39'),(666,'CUST_666','customer666',1,NULL,NULL,NULL,NULL,NULL,NULL,NULL,NULL,'2018-10-13 08:07:39','2018-10-13 08:07:39'),(667,'CUST_667','customer667',2,NULL,NULL,NULL,NULL,NULL,NULL,NULL,NULL,'2018-10-13 08:07:39','2018-10-13 08:07:39'),(668,'CUST_668','customer668',1,NULL,NULL,NULL,NULL,NULL,NULL,NULL,NULL,'2018-10-13 08:07:39','2018-10-13 08:07:39'),(669,'CUST_669','customer669',1,NULL,NULL,NULL,NULL,NULL,NULL,NULL,NULL,'2018-10-13 08:07:39','2018-10-13 08:07:39'),(670,'CUST_670','customer670',2,NULL,NULL,NULL,NULL,NULL,NULL,NULL,NULL,'2018-10-13 08:07:39','2018-10-13 08:07:39'),(671,'CUST_671','customer671',2,NULL,NULL,NULL,NULL,NULL,NULL,NULL,NULL,'2018-10-13 08:07:39','2018-10-13 08:07:39'),(672,'CUST_672','customer672',1,NULL,NULL,NULL,NULL,NULL,NULL,NULL,NULL,'2018-10-13 08:07:39','2018-10-13 08:07:39'),(673,'CUST_673','customer673',2,NULL,NULL,NULL,NULL,NULL,NULL,NULL,NULL,'2018-10-13 08:07:39','2018-10-13 08:07:39'),(674,'CUST_674','customer674',2,NULL,NULL,NULL,NULL,NULL,NULL,NULL,NULL,'2018-10-13 08:07:39','2018-10-13 08:07:39'),(675,'CUST_675','customer675',1,NULL,NULL,NULL,NULL,NULL,NULL,NULL,NULL,'2018-10-13 08:07:39','2018-10-13 08:07:39'),(676,'CUST_676','customer676',2,NULL,NULL,NULL,NULL,NULL,NULL,NULL,NULL,'2018-10-13 08:07:39','2018-10-13 08:07:39'),(677,'CUST_677','customer677',2,NULL,NULL,NULL,NULL,NULL,NULL,NULL,NULL,'2018-10-13 08:07:39','2018-10-13 08:07:39'),(678,'CUST_678','customer678',1,NULL,NULL,NULL,NULL,NULL,NULL,NULL,NULL,'2018-10-13 08:07:39','2018-10-13 08:07:39'),(679,'CUST_679','customer679',1,NULL,NULL,NULL,NULL,NULL,NULL,NULL,NULL,'2018-10-13 08:07:39','2018-10-13 08:07:39'),(680,'CUST_680','customer680',1,NULL,NULL,NULL,NULL,NULL,NULL,NULL,NULL,'2018-10-13 08:07:39','2018-10-13 08:07:39'),(681,'CUST_681','customer681',1,NULL,NULL,NULL,NULL,NULL,NULL,NULL,NULL,'2018-10-13 08:07:39','2018-10-13 08:07:39'),(682,'CUST_682','customer682',1,NULL,NULL,NULL,NULL,NULL,NULL,NULL,NULL,'2018-10-13 08:07:39','2018-10-13 08:07:39'),(683,'CUST_683','customer683',2,NULL,NULL,NULL,NULL,NULL,NULL,NULL,NULL,'2018-10-13 08:07:39','2018-10-13 08:07:39'),(684,'CUST_684','customer684',1,NULL,NULL,NULL,NULL,NULL,NULL,NULL,NULL,'2018-10-13 08:07:39','2018-10-13 08:07:39'),(685,'CUST_685','customer685',1,NULL,NULL,NULL,NULL,NULL,NULL,NULL,NULL,'2018-10-13 08:07:39','2018-10-13 08:07:39'),(686,'CUST_686','customer686',2,NULL,NULL,NULL,NULL,NULL,NULL,NULL,NULL,'2018-10-13 08:07:39','2018-10-13 08:07:39'),(687,'CUST_687','customer687',1,NULL,NULL,NULL,NULL,NULL,NULL,NULL,NULL,'2018-10-13 08:07:39','2018-10-13 08:07:39'),(688,'CUST_688','customer688',2,NULL,NULL,NULL,NULL,NULL,NULL,NULL,NULL,'2018-10-13 08:07:39','2018-10-13 08:07:39'),(689,'CUST_689','customer689',2,NULL,NULL,NULL,NULL,NULL,NULL,NULL,NULL,'2018-10-13 08:07:39','2018-10-13 08:07:39'),(690,'CUST_690','customer690',2,NULL,NULL,NULL,NULL,NULL,NULL,NULL,NULL,'2018-10-13 08:07:39','2018-10-13 08:07:39'),(691,'CUST_691','customer691',1,NULL,NULL,NULL,NULL,NULL,NULL,NULL,NULL,'2018-10-13 08:07:39','2018-10-13 08:07:39'),(692,'CUST_692','customer692',1,NULL,NULL,NULL,NULL,NULL,NULL,NULL,NULL,'2018-10-13 08:07:39','2018-10-13 08:07:39'),(693,'CUST_693','customer693',2,NULL,NULL,NULL,NULL,NULL,NULL,NULL,NULL,'2018-10-13 08:07:39','2018-10-13 08:07:39'),(694,'CUST_694','customer694',1,NULL,NULL,NULL,NULL,NULL,NULL,NULL,NULL,'2018-10-13 08:07:39','2018-10-13 08:07:39'),(695,'CUST_695','customer695',2,NULL,NULL,NULL,NULL,NULL,NULL,NULL,NULL,'2018-10-13 08:07:39','2018-10-13 08:07:39'),(696,'CUST_696','customer696',1,NULL,NULL,NULL,NULL,NULL,NULL,NULL,NULL,'2018-10-13 08:07:39','2018-10-13 08:07:39'),(697,'CUST_697','customer697',1,NULL,NULL,NULL,NULL,NULL,NULL,NULL,NULL,'2018-10-13 08:07:39','2018-10-13 08:07:39'),(698,'CUST_698','customer698',2,NULL,NULL,NULL,NULL,NULL,NULL,NULL,NULL,'2018-10-13 08:07:40','2018-10-13 08:07:40'),(699,'CUST_699','customer699',2,NULL,NULL,NULL,NULL,NULL,NULL,NULL,NULL,'2018-10-13 08:07:40','2018-10-13 08:07:40'),(700,'CUST_700','customer700',1,NULL,NULL,NULL,NULL,NULL,NULL,NULL,NULL,'2018-10-13 08:07:40','2018-10-13 08:07:40'),(701,'CUST_701','customer701',1,NULL,NULL,NULL,NULL,NULL,NULL,NULL,NULL,'2018-10-13 08:07:40','2018-10-13 08:07:40'),(702,'CUST_702','customer702',1,NULL,NULL,NULL,NULL,NULL,NULL,NULL,NULL,'2018-10-13 08:07:40','2018-10-13 08:07:40'),(703,'CUST_703','customer703',1,NULL,NULL,NULL,NULL,NULL,NULL,NULL,NULL,'2018-10-13 08:07:40','2018-10-13 08:07:40'),(704,'CUST_704','customer704',2,NULL,NULL,NULL,NULL,NULL,NULL,NULL,NULL,'2018-10-13 08:07:40','2018-10-13 08:07:40'),(705,'CUST_705','customer705',1,NULL,NULL,NULL,NULL,NULL,NULL,NULL,NULL,'2018-10-13 08:07:40','2018-10-13 08:07:40'),(706,'CUST_706','customer706',2,NULL,NULL,NULL,NULL,NULL,NULL,NULL,NULL,'2018-10-13 08:07:40','2018-10-13 08:07:40'),(707,'CUST_707','customer707',2,NULL,NULL,NULL,NULL,NULL,NULL,NULL,NULL,'2018-10-13 08:07:40','2018-10-13 08:07:40'),(708,'CUST_708','customer708',2,NULL,NULL,NULL,NULL,NULL,NULL,NULL,NULL,'2018-10-13 08:07:40','2018-10-13 08:07:40'),(709,'CUST_709','customer709',2,NULL,NULL,NULL,NULL,NULL,NULL,NULL,NULL,'2018-10-13 08:07:40','2018-10-13 08:07:40'),(710,'CUST_710','customer710',2,NULL,NULL,NULL,NULL,NULL,NULL,NULL,NULL,'2018-10-13 08:07:40','2018-10-13 08:07:40'),(711,'CUST_711','customer711',2,NULL,NULL,NULL,NULL,NULL,NULL,NULL,NULL,'2018-10-13 08:07:40','2018-10-13 08:07:40'),(712,'CUST_712','customer712',1,NULL,NULL,NULL,NULL,NULL,NULL,NULL,NULL,'2018-10-13 08:07:40','2018-10-13 08:07:40'),(713,'CUST_713','customer713',2,NULL,NULL,NULL,NULL,NULL,NULL,NULL,NULL,'2018-10-13 08:07:40','2018-10-13 08:07:40'),(714,'CUST_714','customer714',1,NULL,NULL,NULL,NULL,NULL,NULL,NULL,NULL,'2018-10-13 08:07:40','2018-10-13 08:07:40'),(715,'CUST_715','customer715',1,NULL,NULL,NULL,NULL,NULL,NULL,NULL,NULL,'2018-10-13 08:07:40','2018-10-13 08:07:40'),(716,'CUST_716','customer716',2,NULL,NULL,NULL,NULL,NULL,NULL,NULL,NULL,'2018-10-13 08:07:40','2018-10-13 08:07:40'),(717,'CUST_717','customer717',1,NULL,NULL,NULL,NULL,NULL,NULL,NULL,NULL,'2018-10-13 08:07:40','2018-10-13 08:07:40'),(718,'CUST_718','customer718',1,NULL,NULL,NULL,NULL,NULL,NULL,NULL,NULL,'2018-10-13 08:07:40','2018-10-13 08:07:40'),(719,'CUST_719','customer719',1,NULL,NULL,NULL,NULL,NULL,NULL,NULL,NULL,'2018-10-13 08:07:40','2018-10-13 08:07:40'),(720,'CUST_720','customer720',2,NULL,NULL,NULL,NULL,NULL,NULL,NULL,NULL,'2018-10-13 08:07:40','2018-10-13 08:07:40'),(721,'CUST_721','customer721',1,NULL,NULL,NULL,NULL,NULL,NULL,NULL,NULL,'2018-10-13 08:07:40','2018-10-13 08:07:40'),(722,'CUST_722','customer722',2,NULL,NULL,NULL,NULL,NULL,NULL,NULL,NULL,'2018-10-13 08:07:40','2018-10-13 08:07:40'),(723,'CUST_723','customer723',1,NULL,NULL,NULL,NULL,NULL,NULL,NULL,NULL,'2018-10-13 08:07:40','2018-10-13 08:07:40'),(724,'CUST_724','customer724',2,NULL,NULL,NULL,NULL,NULL,NULL,NULL,NULL,'2018-10-13 08:07:40','2018-10-13 08:07:40'),(725,'CUST_725','customer725',1,NULL,NULL,NULL,NULL,NULL,NULL,NULL,NULL,'2018-10-13 08:07:40','2018-10-13 08:07:40'),(726,'CUST_726','customer726',2,NULL,NULL,NULL,NULL,NULL,NULL,NULL,NULL,'2018-10-13 08:07:40','2018-10-13 08:07:40'),(727,'CUST_727','customer727',2,NULL,NULL,NULL,NULL,NULL,NULL,NULL,NULL,'2018-10-13 08:07:40','2018-10-13 08:07:40'),(728,'CUST_728','customer728',1,NULL,NULL,NULL,NULL,NULL,NULL,NULL,NULL,'2018-10-13 08:07:40','2018-10-13 08:07:40'),(729,'CUST_729','customer729',2,NULL,NULL,NULL,NULL,NULL,NULL,NULL,NULL,'2018-10-13 08:07:40','2018-10-13 08:07:40'),(730,'CUST_730','customer730',2,NULL,NULL,NULL,NULL,NULL,NULL,NULL,NULL,'2018-10-13 08:07:40','2018-10-13 08:07:40'),(731,'CUST_731','customer731',1,NULL,NULL,NULL,NULL,NULL,NULL,NULL,NULL,'2018-10-13 08:07:40','2018-10-13 08:07:40'),(732,'CUST_732','customer732',2,NULL,NULL,NULL,NULL,NULL,NULL,NULL,NULL,'2018-10-13 08:07:40','2018-10-13 08:07:40'),(733,'CUST_733','customer733',2,NULL,NULL,NULL,NULL,NULL,NULL,NULL,NULL,'2018-10-13 08:07:40','2018-10-13 08:07:40'),(734,'CUST_734','customer734',2,NULL,NULL,NULL,NULL,NULL,NULL,NULL,NULL,'2018-10-13 08:07:40','2018-10-13 08:07:40'),(735,'CUST_735','customer735',2,NULL,NULL,NULL,NULL,NULL,NULL,NULL,NULL,'2018-10-13 08:07:40','2018-10-13 08:07:40'),(736,'CUST_736','customer736',2,NULL,NULL,NULL,NULL,NULL,NULL,NULL,NULL,'2018-10-13 08:07:40','2018-10-13 08:07:40'),(737,'CUST_737','customer737',2,NULL,NULL,NULL,NULL,NULL,NULL,NULL,NULL,'2018-10-13 08:07:40','2018-10-13 08:07:40'),(738,'CUST_738','customer738',1,NULL,NULL,NULL,NULL,NULL,NULL,NULL,NULL,'2018-10-13 08:07:40','2018-10-13 08:07:40'),(739,'CUST_739','customer739',1,NULL,NULL,NULL,NULL,NULL,NULL,NULL,NULL,'2018-10-13 08:07:40','2018-10-13 08:07:40'),(740,'CUST_740','customer740',2,NULL,NULL,NULL,NULL,NULL,NULL,NULL,NULL,'2018-10-13 08:07:40','2018-10-13 08:07:40'),(741,'CUST_741','customer741',1,NULL,NULL,NULL,NULL,NULL,NULL,NULL,NULL,'2018-10-13 08:07:40','2018-10-13 08:07:40'),(742,'CUST_742','customer742',1,NULL,NULL,NULL,NULL,NULL,NULL,NULL,NULL,'2018-10-13 08:07:40','2018-10-13 08:07:40'),(743,'CUST_743','customer743',2,NULL,NULL,NULL,NULL,NULL,NULL,NULL,NULL,'2018-10-13 08:07:40','2018-10-13 08:07:40'),(744,'CUST_744','customer744',1,NULL,NULL,NULL,NULL,NULL,NULL,NULL,NULL,'2018-10-13 08:07:40','2018-10-13 08:07:40'),(745,'CUST_745','customer745',1,NULL,NULL,NULL,NULL,NULL,NULL,NULL,NULL,'2018-10-13 08:07:40','2018-10-13 08:07:40'),(746,'CUST_746','customer746',2,NULL,NULL,NULL,NULL,NULL,NULL,NULL,NULL,'2018-10-13 08:07:40','2018-10-13 08:07:40'),(747,'CUST_747','customer747',2,NULL,NULL,NULL,NULL,NULL,NULL,NULL,NULL,'2018-10-13 08:07:40','2018-10-13 08:07:40'),(748,'CUST_748','customer748',1,NULL,NULL,NULL,NULL,NULL,NULL,NULL,NULL,'2018-10-13 08:07:40','2018-10-13 08:07:40'),(749,'CUST_749','customer749',1,NULL,NULL,NULL,NULL,NULL,NULL,NULL,NULL,'2018-10-13 08:07:40','2018-10-13 08:07:40'),(750,'CUST_750','customer750',1,NULL,NULL,NULL,NULL,NULL,NULL,NULL,NULL,'2018-10-13 08:07:40','2018-10-13 08:07:40'),(751,'CUST_751','customer751',1,NULL,NULL,NULL,NULL,NULL,NULL,NULL,NULL,'2018-10-13 08:07:40','2018-10-13 08:07:40'),(752,'CUST_752','customer752',2,NULL,NULL,NULL,NULL,NULL,NULL,NULL,NULL,'2018-10-13 08:07:40','2018-10-13 08:07:40'),(753,'CUST_753','customer753',2,NULL,NULL,NULL,NULL,NULL,NULL,NULL,NULL,'2018-10-13 08:07:40','2018-10-13 08:07:40'),(754,'CUST_754','customer754',2,NULL,NULL,NULL,NULL,NULL,NULL,NULL,NULL,'2018-10-13 08:07:40','2018-10-13 08:07:40'),(755,'CUST_755','customer755',1,NULL,NULL,NULL,NULL,NULL,NULL,NULL,NULL,'2018-10-13 08:07:40','2018-10-13 08:07:40'),(756,'CUST_756','customer756',2,NULL,NULL,NULL,NULL,NULL,NULL,NULL,NULL,'2018-10-13 08:07:40','2018-10-13 08:07:40'),(757,'CUST_757','customer757',2,NULL,NULL,NULL,NULL,NULL,NULL,NULL,NULL,'2018-10-13 08:07:40','2018-10-13 08:07:40'),(758,'CUST_758','customer758',2,NULL,NULL,NULL,NULL,NULL,NULL,NULL,NULL,'2018-10-13 08:07:40','2018-10-13 08:07:40'),(759,'CUST_759','customer759',2,NULL,NULL,NULL,NULL,NULL,NULL,NULL,NULL,'2018-10-13 08:07:40','2018-10-13 08:07:40'),(760,'CUST_760','customer760',2,NULL,NULL,NULL,NULL,NULL,NULL,NULL,NULL,'2018-10-13 08:07:40','2018-10-13 08:07:40'),(761,'CUST_761','customer761',1,NULL,NULL,NULL,NULL,NULL,NULL,NULL,NULL,'2018-10-13 08:07:40','2018-10-13 08:07:40'),(762,'CUST_762','customer762',2,NULL,NULL,NULL,NULL,NULL,NULL,NULL,NULL,'2018-10-13 08:07:40','2018-10-13 08:07:40'),(763,'CUST_763','customer763',1,NULL,NULL,NULL,NULL,NULL,NULL,NULL,NULL,'2018-10-13 08:07:40','2018-10-13 08:07:40'),(764,'CUST_764','customer764',1,NULL,NULL,NULL,NULL,NULL,NULL,NULL,NULL,'2018-10-13 08:07:40','2018-10-13 08:07:40'),(765,'CUST_765','customer765',1,NULL,NULL,NULL,NULL,NULL,NULL,NULL,NULL,'2018-10-13 08:07:40','2018-10-13 08:07:40'),(766,'CUST_766','customer766',1,NULL,NULL,NULL,NULL,NULL,NULL,NULL,NULL,'2018-10-13 08:07:40','2018-10-13 08:07:40'),(767,'CUST_767','customer767',2,NULL,NULL,NULL,NULL,NULL,NULL,NULL,NULL,'2018-10-13 08:07:40','2018-10-13 08:07:40'),(768,'CUST_768','customer768',2,NULL,NULL,NULL,NULL,NULL,NULL,NULL,NULL,'2018-10-13 08:07:40','2018-10-13 08:07:40'),(769,'CUST_769','customer769',2,NULL,NULL,NULL,NULL,NULL,NULL,NULL,NULL,'2018-10-13 08:07:40','2018-10-13 08:07:40'),(770,'CUST_770','customer770',2,NULL,NULL,NULL,NULL,NULL,NULL,NULL,NULL,'2018-10-13 08:07:40','2018-10-13 08:07:40'),(771,'CUST_771','customer771',1,NULL,NULL,NULL,NULL,NULL,NULL,NULL,NULL,'2018-10-13 08:07:40','2018-10-13 08:07:40'),(772,'CUST_772','customer772',2,NULL,NULL,NULL,NULL,NULL,NULL,NULL,NULL,'2018-10-13 08:07:40','2018-10-13 08:07:40'),(773,'CUST_773','customer773',1,NULL,NULL,NULL,NULL,NULL,NULL,NULL,NULL,'2018-10-13 08:07:40','2018-10-13 08:07:40'),(774,'CUST_774','customer774',2,NULL,NULL,NULL,NULL,NULL,NULL,NULL,NULL,'2018-10-13 08:07:40','2018-10-13 08:07:40'),(775,'CUST_775','customer775',1,NULL,NULL,NULL,NULL,NULL,NULL,NULL,NULL,'2018-10-13 08:07:40','2018-10-13 08:07:40'),(776,'CUST_776','customer776',2,NULL,NULL,NULL,NULL,NULL,NULL,NULL,NULL,'2018-10-13 08:07:40','2018-10-13 08:07:40'),(777,'CUST_777','customer777',2,NULL,NULL,NULL,NULL,NULL,NULL,NULL,NULL,'2018-10-13 08:07:40','2018-10-13 08:07:40'),(778,'CUST_778','customer778',1,NULL,NULL,NULL,NULL,NULL,NULL,NULL,NULL,'2018-10-13 08:07:40','2018-10-13 08:07:40'),(779,'CUST_779','customer779',2,NULL,NULL,NULL,NULL,NULL,NULL,NULL,NULL,'2018-10-13 08:07:40','2018-10-13 08:07:40'),(780,'CUST_780','customer780',2,NULL,NULL,NULL,NULL,NULL,NULL,NULL,NULL,'2018-10-13 08:07:40','2018-10-13 08:07:40'),(781,'CUST_781','customer781',1,NULL,NULL,NULL,NULL,NULL,NULL,NULL,NULL,'2018-10-13 08:07:40','2018-10-13 08:07:40'),(782,'CUST_782','customer782',2,NULL,NULL,NULL,NULL,NULL,NULL,NULL,NULL,'2018-10-13 08:07:40','2018-10-13 08:07:40'),(783,'CUST_783','customer783',1,NULL,NULL,NULL,NULL,NULL,NULL,NULL,NULL,'2018-10-13 08:07:40','2018-10-13 08:07:40'),(784,'CUST_784','customer784',1,NULL,NULL,NULL,NULL,NULL,NULL,NULL,NULL,'2018-10-13 08:07:40','2018-10-13 08:07:40'),(785,'CUST_785','customer785',2,NULL,NULL,NULL,NULL,NULL,NULL,NULL,NULL,'2018-10-13 08:07:40','2018-10-13 08:07:40'),(786,'CUST_786','customer786',1,NULL,NULL,NULL,NULL,NULL,NULL,NULL,NULL,'2018-10-13 08:07:40','2018-10-13 08:07:40'),(787,'CUST_787','customer787',1,NULL,NULL,NULL,NULL,NULL,NULL,NULL,NULL,'2018-10-13 08:07:40','2018-10-13 08:07:40'),(788,'CUST_788','customer788',2,NULL,NULL,NULL,NULL,NULL,NULL,NULL,NULL,'2018-10-13 08:07:40','2018-10-13 08:07:40'),(789,'CUST_789','customer789',1,NULL,NULL,NULL,NULL,NULL,NULL,NULL,NULL,'2018-10-13 08:07:40','2018-10-13 08:07:40'),(790,'CUST_790','customer790',2,NULL,NULL,NULL,NULL,NULL,NULL,NULL,NULL,'2018-10-13 08:07:40','2018-10-13 08:07:40'),(791,'CUST_791','customer791',1,NULL,NULL,NULL,NULL,NULL,NULL,NULL,NULL,'2018-10-13 08:07:40','2018-10-13 08:07:40'),(792,'CUST_792','customer792',1,NULL,NULL,NULL,NULL,NULL,NULL,NULL,NULL,'2018-10-13 08:07:40','2018-10-13 08:07:40'),(793,'CUST_793','customer793',1,NULL,NULL,NULL,NULL,NULL,NULL,NULL,NULL,'2018-10-13 08:07:40','2018-10-13 08:07:40'),(794,'CUST_794','customer794',1,NULL,NULL,NULL,NULL,NULL,NULL,NULL,NULL,'2018-10-13 08:07:40','2018-10-13 08:07:40'),(795,'CUST_795','customer795',1,NULL,NULL,NULL,NULL,NULL,NULL,NULL,NULL,'2018-10-13 08:07:40','2018-10-13 08:07:40'),(796,'CUST_796','customer796',2,NULL,NULL,NULL,NULL,NULL,NULL,NULL,NULL,'2018-10-13 08:07:40','2018-10-13 08:07:40'),(797,'CUST_797','customer797',1,NULL,NULL,NULL,NULL,NULL,NULL,NULL,NULL,'2018-10-13 08:07:40','2018-10-13 08:07:40'),(798,'CUST_798','customer798',2,NULL,NULL,NULL,NULL,NULL,NULL,NULL,NULL,'2018-10-13 08:07:40','2018-10-13 08:07:40'),(799,'CUST_799','customer799',2,NULL,NULL,NULL,NULL,NULL,NULL,NULL,NULL,'2018-10-13 08:07:40','2018-10-13 08:07:40'),(800,'CUST_800','customer800',2,NULL,NULL,NULL,NULL,NULL,NULL,NULL,NULL,'2018-10-13 08:07:40','2018-10-13 08:07:40'),(801,'CUST_801','customer801',1,NULL,NULL,NULL,NULL,NULL,NULL,NULL,NULL,'2018-10-13 08:07:40','2018-10-13 08:07:40'),(802,'CUST_802','customer802',1,NULL,NULL,NULL,NULL,NULL,NULL,NULL,NULL,'2018-10-13 08:07:40','2018-10-13 08:07:40'),(803,'CUST_803','customer803',2,NULL,NULL,NULL,NULL,NULL,NULL,NULL,NULL,'2018-10-13 08:07:40','2018-10-13 08:07:40'),(804,'CUST_804','customer804',2,NULL,NULL,NULL,NULL,NULL,NULL,NULL,NULL,'2018-10-13 08:07:40','2018-10-13 08:07:40'),(805,'CUST_805','customer805',2,NULL,NULL,NULL,NULL,NULL,NULL,NULL,NULL,'2018-10-13 08:07:40','2018-10-13 08:07:40'),(806,'CUST_806','customer806',1,NULL,NULL,NULL,NULL,NULL,NULL,NULL,NULL,'2018-10-13 08:07:40','2018-10-13 08:07:40'),(807,'CUST_807','customer807',2,NULL,NULL,NULL,NULL,NULL,NULL,NULL,NULL,'2018-10-13 08:07:40','2018-10-13 08:07:40'),(808,'CUST_808','customer808',1,NULL,NULL,NULL,NULL,NULL,NULL,NULL,NULL,'2018-10-13 08:07:40','2018-10-13 08:07:40'),(809,'CUST_809','customer809',1,NULL,NULL,NULL,NULL,NULL,NULL,NULL,NULL,'2018-10-13 08:07:40','2018-10-13 08:07:40'),(810,'CUST_810','customer810',2,NULL,NULL,NULL,NULL,NULL,NULL,NULL,NULL,'2018-10-13 08:07:40','2018-10-13 08:07:40'),(811,'CUST_811','customer811',1,NULL,NULL,NULL,NULL,NULL,NULL,NULL,NULL,'2018-10-13 08:07:40','2018-10-13 08:07:40'),(812,'CUST_812','customer812',1,NULL,NULL,NULL,NULL,NULL,NULL,NULL,NULL,'2018-10-13 08:07:40','2018-10-13 08:07:40'),(813,'CUST_813','customer813',2,NULL,NULL,NULL,NULL,NULL,NULL,NULL,NULL,'2018-10-13 08:07:40','2018-10-13 08:07:40'),(814,'CUST_814','customer814',2,NULL,NULL,NULL,NULL,NULL,NULL,NULL,NULL,'2018-10-13 08:07:40','2018-10-13 08:07:40'),(815,'CUST_815','customer815',2,NULL,NULL,NULL,NULL,NULL,NULL,NULL,NULL,'2018-10-13 08:07:40','2018-10-13 08:07:40'),(816,'CUST_816','customer816',2,NULL,NULL,NULL,NULL,NULL,NULL,NULL,NULL,'2018-10-13 08:07:40','2018-10-13 08:07:40'),(817,'CUST_817','customer817',1,NULL,NULL,NULL,NULL,NULL,NULL,NULL,NULL,'2018-10-13 08:07:40','2018-10-13 08:07:40'),(818,'CUST_818','customer818',1,NULL,NULL,NULL,NULL,NULL,NULL,NULL,NULL,'2018-10-13 08:07:40','2018-10-13 08:07:40'),(819,'CUST_819','customer819',1,NULL,NULL,NULL,NULL,NULL,NULL,NULL,NULL,'2018-10-13 08:07:40','2018-10-13 08:07:40'),(820,'CUST_820','customer820',2,NULL,NULL,NULL,NULL,NULL,NULL,NULL,NULL,'2018-10-13 08:07:40','2018-10-13 08:07:40'),(821,'CUST_821','customer821',1,NULL,NULL,NULL,NULL,NULL,NULL,NULL,NULL,'2018-10-13 08:07:40','2018-10-13 08:07:40'),(822,'CUST_822','customer822',2,NULL,NULL,NULL,NULL,NULL,NULL,NULL,NULL,'2018-10-13 08:07:40','2018-10-13 08:07:40'),(823,'CUST_823','customer823',1,NULL,NULL,NULL,NULL,NULL,NULL,NULL,NULL,'2018-10-13 08:07:40','2018-10-13 08:07:40'),(824,'CUST_824','customer824',2,NULL,NULL,NULL,NULL,NULL,NULL,NULL,NULL,'2018-10-13 08:07:40','2018-10-13 08:07:40'),(825,'CUST_825','customer825',1,NULL,NULL,NULL,NULL,NULL,NULL,NULL,NULL,'2018-10-13 08:07:40','2018-10-13 08:07:40'),(826,'CUST_826','customer826',2,NULL,NULL,NULL,NULL,NULL,NULL,NULL,NULL,'2018-10-13 08:07:40','2018-10-13 08:07:40'),(827,'CUST_827','customer827',2,NULL,NULL,NULL,NULL,NULL,NULL,NULL,NULL,'2018-10-13 08:07:40','2018-10-13 08:07:40'),(828,'CUST_828','customer828',2,NULL,NULL,NULL,NULL,NULL,NULL,NULL,NULL,'2018-10-13 08:07:40','2018-10-13 08:07:40'),(829,'CUST_829','customer829',1,NULL,NULL,NULL,NULL,NULL,NULL,NULL,NULL,'2018-10-13 08:07:40','2018-10-13 08:07:40'),(830,'CUST_830','customer830',1,NULL,NULL,NULL,NULL,NULL,NULL,NULL,NULL,'2018-10-13 08:07:40','2018-10-13 08:07:40'),(831,'CUST_831','customer831',1,NULL,NULL,NULL,NULL,NULL,NULL,NULL,NULL,'2018-10-13 08:07:40','2018-10-13 08:07:40'),(832,'CUST_832','customer832',2,NULL,NULL,NULL,NULL,NULL,NULL,NULL,NULL,'2018-10-13 08:07:40','2018-10-13 08:07:40'),(833,'CUST_833','customer833',1,NULL,NULL,NULL,NULL,NULL,NULL,NULL,NULL,'2018-10-13 08:07:40','2018-10-13 08:07:40'),(834,'CUST_834','customer834',1,NULL,NULL,NULL,NULL,NULL,NULL,NULL,NULL,'2018-10-13 08:07:40','2018-10-13 08:07:40'),(835,'CUST_835','customer835',2,NULL,NULL,NULL,NULL,NULL,NULL,NULL,NULL,'2018-10-13 08:07:40','2018-10-13 08:07:40'),(836,'CUST_836','customer836',2,NULL,NULL,NULL,NULL,NULL,NULL,NULL,NULL,'2018-10-13 08:07:40','2018-10-13 08:07:40'),(837,'CUST_837','customer837',2,NULL,NULL,NULL,NULL,NULL,NULL,NULL,NULL,'2018-10-13 08:07:40','2018-10-13 08:07:40'),(838,'CUST_838','customer838',1,NULL,NULL,NULL,NULL,NULL,NULL,NULL,NULL,'2018-10-13 08:07:40','2018-10-13 08:07:40'),(839,'CUST_839','customer839',1,NULL,NULL,NULL,NULL,NULL,NULL,NULL,NULL,'2018-10-13 08:07:40','2018-10-13 08:07:40'),(840,'CUST_840','customer840',1,NULL,NULL,NULL,NULL,NULL,NULL,NULL,NULL,'2018-10-13 08:07:40','2018-10-13 08:07:40'),(841,'CUST_841','customer841',1,NULL,NULL,NULL,NULL,NULL,NULL,NULL,NULL,'2018-10-13 08:07:40','2018-10-13 08:07:40'),(842,'CUST_842','customer842',2,NULL,NULL,NULL,NULL,NULL,NULL,NULL,NULL,'2018-10-13 08:07:40','2018-10-13 08:07:40'),(843,'CUST_843','customer843',1,NULL,NULL,NULL,NULL,NULL,NULL,NULL,NULL,'2018-10-13 08:07:40','2018-10-13 08:07:40'),(844,'CUST_844','customer844',2,NULL,NULL,NULL,NULL,NULL,NULL,NULL,NULL,'2018-10-13 08:07:40','2018-10-13 08:07:40'),(845,'CUST_845','customer845',1,NULL,NULL,NULL,NULL,NULL,NULL,NULL,NULL,'2018-10-13 08:07:40','2018-10-13 08:07:40'),(846,'CUST_846','customer846',2,NULL,NULL,NULL,NULL,NULL,NULL,NULL,NULL,'2018-10-13 08:07:40','2018-10-13 08:07:40'),(847,'CUST_847','customer847',1,NULL,NULL,NULL,NULL,NULL,NULL,NULL,NULL,'2018-10-13 08:07:40','2018-10-13 08:07:40'),(848,'CUST_848','customer848',1,NULL,NULL,NULL,NULL,NULL,NULL,NULL,NULL,'2018-10-13 08:07:40','2018-10-13 08:07:40'),(849,'CUST_849','customer849',2,NULL,NULL,NULL,NULL,NULL,NULL,NULL,NULL,'2018-10-13 08:07:40','2018-10-13 08:07:40'),(850,'CUST_850','customer850',1,NULL,NULL,NULL,NULL,NULL,NULL,NULL,NULL,'2018-10-13 08:07:40','2018-10-13 08:07:40'),(851,'CUST_851','customer851',2,NULL,NULL,NULL,NULL,NULL,NULL,NULL,NULL,'2018-10-13 08:07:40','2018-10-13 08:07:40'),(852,'CUST_852','customer852',2,NULL,NULL,NULL,NULL,NULL,NULL,NULL,NULL,'2018-10-13 08:07:40','2018-10-13 08:07:40'),(853,'CUST_853','customer853',1,NULL,NULL,NULL,NULL,NULL,NULL,NULL,NULL,'2018-10-13 08:07:40','2018-10-13 08:07:40'),(854,'CUST_854','customer854',2,NULL,NULL,NULL,NULL,NULL,NULL,NULL,NULL,'2018-10-13 08:07:40','2018-10-13 08:07:40'),(855,'CUST_855','customer855',1,NULL,NULL,NULL,NULL,NULL,NULL,NULL,NULL,'2018-10-13 08:07:40','2018-10-13 08:07:40'),(856,'CUST_856','customer856',2,NULL,NULL,NULL,NULL,NULL,NULL,NULL,NULL,'2018-10-13 08:07:40','2018-10-13 08:07:40'),(857,'CUST_857','customer857',2,NULL,NULL,NULL,NULL,NULL,NULL,NULL,NULL,'2018-10-13 08:07:40','2018-10-13 08:07:40'),(858,'CUST_858','customer858',1,NULL,NULL,NULL,NULL,NULL,NULL,NULL,NULL,'2018-10-13 08:07:40','2018-10-13 08:07:40'),(859,'CUST_859','customer859',2,NULL,NULL,NULL,NULL,NULL,NULL,NULL,NULL,'2018-10-13 08:07:40','2018-10-13 08:07:40'),(860,'CUST_860','customer860',1,NULL,NULL,NULL,NULL,NULL,NULL,NULL,NULL,'2018-10-13 08:07:40','2018-10-13 08:07:40'),(861,'CUST_861','customer861',1,NULL,NULL,NULL,NULL,NULL,NULL,NULL,NULL,'2018-10-13 08:07:40','2018-10-13 08:07:40'),(862,'CUST_862','customer862',2,NULL,NULL,NULL,NULL,NULL,NULL,NULL,NULL,'2018-10-13 08:07:40','2018-10-13 08:07:40'),(863,'CUST_863','customer863',1,NULL,NULL,NULL,NULL,NULL,NULL,NULL,NULL,'2018-10-13 08:07:40','2018-10-13 08:07:40'),(864,'CUST_864','customer864',1,NULL,NULL,NULL,NULL,NULL,NULL,NULL,NULL,'2018-10-13 08:07:40','2018-10-13 08:07:40'),(865,'CUST_865','customer865',1,NULL,NULL,NULL,NULL,NULL,NULL,NULL,NULL,'2018-10-13 08:07:40','2018-10-13 08:07:40'),(866,'CUST_866','customer866',1,NULL,NULL,NULL,NULL,NULL,NULL,NULL,NULL,'2018-10-13 08:07:40','2018-10-13 08:07:40'),(867,'CUST_867','customer867',1,NULL,NULL,NULL,NULL,NULL,NULL,NULL,NULL,'2018-10-13 08:07:40','2018-10-13 08:07:40'),(868,'CUST_868','customer868',1,NULL,NULL,NULL,NULL,NULL,NULL,NULL,NULL,'2018-10-13 08:07:40','2018-10-13 08:07:40'),(869,'CUST_869','customer869',2,NULL,NULL,NULL,NULL,NULL,NULL,NULL,NULL,'2018-10-13 08:07:40','2018-10-13 08:07:40'),(870,'CUST_870','customer870',2,NULL,NULL,NULL,NULL,NULL,NULL,NULL,NULL,'2018-10-13 08:07:40','2018-10-13 08:07:40'),(871,'CUST_871','customer871',2,NULL,NULL,NULL,NULL,NULL,NULL,NULL,NULL,'2018-10-13 08:07:40','2018-10-13 08:07:40'),(872,'CUST_872','customer872',2,NULL,NULL,NULL,NULL,NULL,NULL,NULL,NULL,'2018-10-13 08:07:40','2018-10-13 08:07:40'),(873,'CUST_873','customer873',2,NULL,NULL,NULL,NULL,NULL,NULL,NULL,NULL,'2018-10-13 08:07:40','2018-10-13 08:07:40'),(874,'CUST_874','customer874',1,NULL,NULL,NULL,NULL,NULL,NULL,NULL,NULL,'2018-10-13 08:07:40','2018-10-13 08:07:40'),(875,'CUST_875','customer875',2,NULL,NULL,NULL,NULL,NULL,NULL,NULL,NULL,'2018-10-13 08:07:40','2018-10-13 08:07:40'),(876,'CUST_876','customer876',1,NULL,NULL,NULL,NULL,NULL,NULL,NULL,NULL,'2018-10-13 08:07:40','2018-10-13 08:07:40'),(877,'CUST_877','customer877',1,NULL,NULL,NULL,NULL,NULL,NULL,NULL,NULL,'2018-10-13 08:07:40','2018-10-13 08:07:40'),(878,'CUST_878','customer878',1,NULL,NULL,NULL,NULL,NULL,NULL,NULL,NULL,'2018-10-13 08:07:40','2018-10-13 08:07:40'),(879,'CUST_879','customer879',2,NULL,NULL,NULL,NULL,NULL,NULL,NULL,NULL,'2018-10-13 08:07:40','2018-10-13 08:07:40'),(880,'CUST_880','customer880',2,NULL,NULL,NULL,NULL,NULL,NULL,NULL,NULL,'2018-10-13 08:07:40','2018-10-13 08:07:40'),(881,'CUST_881','customer881',1,NULL,NULL,NULL,NULL,NULL,NULL,NULL,NULL,'2018-10-13 08:07:40','2018-10-13 08:07:40'),(882,'CUST_882','customer882',2,NULL,NULL,NULL,NULL,NULL,NULL,NULL,NULL,'2018-10-13 08:07:40','2018-10-13 08:07:40'),(883,'CUST_883','customer883',2,NULL,NULL,NULL,NULL,NULL,NULL,NULL,NULL,'2018-10-13 08:07:40','2018-10-13 08:07:40'),(884,'CUST_884','customer884',2,NULL,NULL,NULL,NULL,NULL,NULL,NULL,NULL,'2018-10-13 08:07:40','2018-10-13 08:07:40'),(885,'CUST_885','customer885',1,NULL,NULL,NULL,NULL,NULL,NULL,NULL,NULL,'2018-10-13 08:07:40','2018-10-13 08:07:40'),(886,'CUST_886','customer886',2,NULL,NULL,NULL,NULL,NULL,NULL,NULL,NULL,'2018-10-13 08:07:40','2018-10-13 08:07:40'),(887,'CUST_887','customer887',2,NULL,NULL,NULL,NULL,NULL,NULL,NULL,NULL,'2018-10-13 08:07:40','2018-10-13 08:07:40'),(888,'CUST_888','customer888',2,NULL,NULL,NULL,NULL,NULL,NULL,NULL,NULL,'2018-10-13 08:07:40','2018-10-13 08:07:40'),(889,'CUST_889','customer889',1,NULL,NULL,NULL,NULL,NULL,NULL,NULL,NULL,'2018-10-13 08:07:40','2018-10-13 08:07:40'),(890,'CUST_890','customer890',1,NULL,NULL,NULL,NULL,NULL,NULL,NULL,NULL,'2018-10-13 08:07:40','2018-10-13 08:07:40'),(891,'CUST_891','customer891',2,NULL,NULL,NULL,NULL,NULL,NULL,NULL,NULL,'2018-10-13 08:07:40','2018-10-13 08:07:40'),(892,'CUST_892','customer892',2,NULL,NULL,NULL,NULL,NULL,NULL,NULL,NULL,'2018-10-13 08:07:40','2018-10-13 08:07:40'),(893,'CUST_893','customer893',1,NULL,NULL,NULL,NULL,NULL,NULL,NULL,NULL,'2018-10-13 08:07:40','2018-10-13 08:07:40'),(894,'CUST_894','customer894',1,NULL,NULL,NULL,NULL,NULL,NULL,NULL,NULL,'2018-10-13 08:07:40','2018-10-13 08:07:40'),(895,'CUST_895','customer895',1,NULL,NULL,NULL,NULL,NULL,NULL,NULL,NULL,'2018-10-13 08:07:40','2018-10-13 08:07:40'),(896,'CUST_896','customer896',2,NULL,NULL,NULL,NULL,NULL,NULL,NULL,NULL,'2018-10-13 08:07:40','2018-10-13 08:07:40'),(897,'CUST_897','customer897',2,NULL,NULL,NULL,NULL,NULL,NULL,NULL,NULL,'2018-10-13 08:07:40','2018-10-13 08:07:40'),(898,'CUST_898','customer898',1,NULL,NULL,NULL,NULL,NULL,NULL,NULL,NULL,'2018-10-13 08:07:40','2018-10-13 08:07:40'),(899,'CUST_899','customer899',2,NULL,NULL,NULL,NULL,NULL,NULL,NULL,NULL,'2018-10-13 08:07:40','2018-10-13 08:07:40'),(900,'CUST_900','customer900',1,NULL,NULL,NULL,NULL,NULL,NULL,NULL,NULL,'2018-10-13 08:07:40','2018-10-13 08:07:40'),(901,'CUST_901','customer901',1,NULL,NULL,NULL,NULL,NULL,NULL,NULL,NULL,'2018-10-13 08:07:40','2018-10-13 08:07:40'),(902,'CUST_902','customer902',1,NULL,NULL,NULL,NULL,NULL,NULL,NULL,NULL,'2018-10-13 08:07:40','2018-10-13 08:07:40'),(903,'CUST_903','customer903',2,NULL,NULL,NULL,NULL,NULL,NULL,NULL,NULL,'2018-10-13 08:07:40','2018-10-13 08:07:40'),(904,'CUST_904','customer904',1,NULL,NULL,NULL,NULL,NULL,NULL,NULL,NULL,'2018-10-13 08:07:40','2018-10-13 08:07:40'),(905,'CUST_905','customer905',2,NULL,NULL,NULL,NULL,NULL,NULL,NULL,NULL,'2018-10-13 08:07:40','2018-10-13 08:07:40'),(906,'CUST_906','customer906',2,NULL,NULL,NULL,NULL,NULL,NULL,NULL,NULL,'2018-10-13 08:07:40','2018-10-13 08:07:40'),(907,'CUST_907','customer907',1,NULL,NULL,NULL,NULL,NULL,NULL,NULL,NULL,'2018-10-13 08:07:40','2018-10-13 08:07:40'),(908,'CUST_908','customer908',2,NULL,NULL,NULL,NULL,NULL,NULL,NULL,NULL,'2018-10-13 08:07:40','2018-10-13 08:07:40'),(909,'CUST_909','customer909',1,NULL,NULL,NULL,NULL,NULL,NULL,NULL,NULL,'2018-10-13 08:07:40','2018-10-13 08:07:40'),(910,'CUST_910','customer910',2,NULL,NULL,NULL,NULL,NULL,NULL,NULL,NULL,'2018-10-13 08:07:40','2018-10-13 08:07:40'),(911,'CUST_911','customer911',2,NULL,NULL,NULL,NULL,NULL,NULL,NULL,NULL,'2018-10-13 08:07:40','2018-10-13 08:07:40'),(912,'CUST_912','customer912',1,NULL,NULL,NULL,NULL,NULL,NULL,NULL,NULL,'2018-10-13 08:07:40','2018-10-13 08:07:40'),(913,'CUST_913','customer913',2,NULL,NULL,NULL,NULL,NULL,NULL,NULL,NULL,'2018-10-13 08:07:40','2018-10-13 08:07:40'),(914,'CUST_914','customer914',2,NULL,NULL,NULL,NULL,NULL,NULL,NULL,NULL,'2018-10-13 08:07:40','2018-10-13 08:07:40'),(915,'CUST_915','customer915',1,NULL,NULL,NULL,NULL,NULL,NULL,NULL,NULL,'2018-10-13 08:07:40','2018-10-13 08:07:40'),(916,'CUST_916','customer916',1,NULL,NULL,NULL,NULL,NULL,NULL,NULL,NULL,'2018-10-13 08:07:40','2018-10-13 08:07:40'),(917,'CUST_917','customer917',1,NULL,NULL,NULL,NULL,NULL,NULL,NULL,NULL,'2018-10-13 08:07:40','2018-10-13 08:07:40'),(918,'CUST_918','customer918',2,NULL,NULL,NULL,NULL,NULL,NULL,NULL,NULL,'2018-10-13 08:07:40','2018-10-13 08:07:40'),(919,'CUST_919','customer919',2,NULL,NULL,NULL,NULL,NULL,NULL,NULL,NULL,'2018-10-13 08:07:40','2018-10-13 08:07:40'),(920,'CUST_920','customer920',1,NULL,NULL,NULL,NULL,NULL,NULL,NULL,NULL,'2018-10-13 08:07:40','2018-10-13 08:07:40'),(921,'CUST_921','customer921',1,NULL,NULL,NULL,NULL,NULL,NULL,NULL,NULL,'2018-10-13 08:07:40','2018-10-13 08:07:40'),(922,'CUST_922','customer922',1,NULL,NULL,NULL,NULL,NULL,NULL,NULL,NULL,'2018-10-13 08:07:40','2018-10-13 08:07:40'),(923,'CUST_923','customer923',1,NULL,NULL,NULL,NULL,NULL,NULL,NULL,NULL,'2018-10-13 08:07:40','2018-10-13 08:07:40'),(924,'CUST_924','customer924',1,NULL,NULL,NULL,NULL,NULL,NULL,NULL,NULL,'2018-10-13 08:07:40','2018-10-13 08:07:40'),(925,'CUST_925','customer925',2,NULL,NULL,NULL,NULL,NULL,NULL,NULL,NULL,'2018-10-13 08:07:40','2018-10-13 08:07:40'),(926,'CUST_926','customer926',1,NULL,NULL,NULL,NULL,NULL,NULL,NULL,NULL,'2018-10-13 08:07:40','2018-10-13 08:07:40'),(927,'CUST_927','customer927',2,NULL,NULL,NULL,NULL,NULL,NULL,NULL,NULL,'2018-10-13 08:07:40','2018-10-13 08:07:40'),(928,'CUST_928','customer928',1,NULL,NULL,NULL,NULL,NULL,NULL,NULL,NULL,'2018-10-13 08:07:41','2018-10-13 08:07:41'),(929,'CUST_929','customer929',2,NULL,NULL,NULL,NULL,NULL,NULL,NULL,NULL,'2018-10-13 08:07:41','2018-10-13 08:07:41'),(930,'CUST_930','customer930',1,NULL,NULL,NULL,NULL,NULL,NULL,NULL,NULL,'2018-10-13 08:07:41','2018-10-13 08:07:41'),(931,'CUST_931','customer931',1,NULL,NULL,NULL,NULL,NULL,NULL,NULL,NULL,'2018-10-13 08:07:41','2018-10-13 08:07:41'),(932,'CUST_932','customer932',1,NULL,NULL,NULL,NULL,NULL,NULL,NULL,NULL,'2018-10-13 08:07:41','2018-10-13 08:07:41'),(933,'CUST_933','customer933',1,NULL,NULL,NULL,NULL,NULL,NULL,NULL,NULL,'2018-10-13 08:07:41','2018-10-13 08:07:41'),(934,'CUST_934','customer934',1,NULL,NULL,NULL,NULL,NULL,NULL,NULL,NULL,'2018-10-13 08:07:41','2018-10-13 08:07:41'),(935,'CUST_935','customer935',1,NULL,NULL,NULL,NULL,NULL,NULL,NULL,NULL,'2018-10-13 08:07:41','2018-10-13 08:07:41'),(936,'CUST_936','customer936',1,NULL,NULL,NULL,NULL,NULL,NULL,NULL,NULL,'2018-10-13 08:07:41','2018-10-13 08:07:41'),(937,'CUST_937','customer937',2,NULL,NULL,NULL,NULL,NULL,NULL,NULL,NULL,'2018-10-13 08:07:41','2018-10-13 08:07:41'),(938,'CUST_938','customer938',1,NULL,NULL,NULL,NULL,NULL,NULL,NULL,NULL,'2018-10-13 08:07:41','2018-10-13 08:07:41'),(939,'CUST_939','customer939',1,NULL,NULL,NULL,NULL,NULL,NULL,NULL,NULL,'2018-10-13 08:07:41','2018-10-13 08:07:41'),(940,'CUST_940','customer940',2,NULL,NULL,NULL,NULL,NULL,NULL,NULL,NULL,'2018-10-13 08:07:41','2018-10-13 08:07:41'),(941,'CUST_941','customer941',1,NULL,NULL,NULL,NULL,NULL,NULL,NULL,NULL,'2018-10-13 08:07:41','2018-10-13 08:07:41'),(942,'CUST_942','customer942',1,NULL,NULL,NULL,NULL,NULL,NULL,NULL,NULL,'2018-10-13 08:07:41','2018-10-13 08:07:41'),(943,'CUST_943','customer943',2,NULL,NULL,NULL,NULL,NULL,NULL,NULL,NULL,'2018-10-13 08:07:41','2018-10-13 08:07:41'),(944,'CUST_944','customer944',1,NULL,NULL,NULL,NULL,NULL,NULL,NULL,NULL,'2018-10-13 08:07:41','2018-10-13 08:07:41'),(945,'CUST_945','customer945',2,NULL,NULL,NULL,NULL,NULL,NULL,NULL,NULL,'2018-10-13 08:07:41','2018-10-13 08:07:41'),(946,'CUST_946','customer946',2,NULL,NULL,NULL,NULL,NULL,NULL,NULL,NULL,'2018-10-13 08:07:41','2018-10-13 08:07:41'),(947,'CUST_947','customer947',2,NULL,NULL,NULL,NULL,NULL,NULL,NULL,NULL,'2018-10-13 08:07:41','2018-10-13 08:07:41'),(948,'CUST_948','customer948',1,NULL,NULL,NULL,NULL,NULL,NULL,NULL,NULL,'2018-10-13 08:07:41','2018-10-13 08:07:41'),(949,'CUST_949','customer949',2,NULL,NULL,NULL,NULL,NULL,NULL,NULL,NULL,'2018-10-13 08:07:41','2018-10-13 08:07:41'),(950,'CUST_950','customer950',2,NULL,NULL,NULL,NULL,NULL,NULL,NULL,NULL,'2018-10-13 08:07:41','2018-10-13 08:07:41'),(951,'CUST_951','customer951',1,NULL,NULL,NULL,NULL,NULL,NULL,NULL,NULL,'2018-10-13 08:07:41','2018-10-13 08:07:41'),(952,'CUST_952','customer952',2,NULL,NULL,NULL,NULL,NULL,NULL,NULL,NULL,'2018-10-13 08:07:41','2018-10-13 08:07:41'),(953,'CUST_953','customer953',2,NULL,NULL,NULL,NULL,NULL,NULL,NULL,NULL,'2018-10-13 08:07:41','2018-10-13 08:07:41'),(954,'CUST_954','customer954',1,NULL,NULL,NULL,NULL,NULL,NULL,NULL,NULL,'2018-10-13 08:07:41','2018-10-13 08:07:41'),(955,'CUST_955','customer955',1,NULL,NULL,NULL,NULL,NULL,NULL,NULL,NULL,'2018-10-13 08:07:41','2018-10-13 08:07:41'),(956,'CUST_956','customer956',1,NULL,NULL,NULL,NULL,NULL,NULL,NULL,NULL,'2018-10-13 08:07:41','2018-10-13 08:07:41'),(957,'CUST_957','customer957',1,NULL,NULL,NULL,NULL,NULL,NULL,NULL,NULL,'2018-10-13 08:07:41','2018-10-13 08:07:41'),(958,'CUST_958','customer958',1,NULL,NULL,NULL,NULL,NULL,NULL,NULL,NULL,'2018-10-13 08:07:41','2018-10-13 08:07:41'),(959,'CUST_959','customer959',2,NULL,NULL,NULL,NULL,NULL,NULL,NULL,NULL,'2018-10-13 08:07:41','2018-10-13 08:07:41'),(960,'CUST_960','customer960',1,NULL,NULL,NULL,NULL,NULL,NULL,NULL,NULL,'2018-10-13 08:07:41','2018-10-13 08:07:41'),(961,'CUST_961','customer961',2,NULL,NULL,NULL,NULL,NULL,NULL,NULL,NULL,'2018-10-13 08:07:41','2018-10-13 08:07:41'),(962,'CUST_962','customer962',1,NULL,NULL,NULL,NULL,NULL,NULL,NULL,NULL,'2018-10-13 08:07:41','2018-10-13 08:07:41'),(963,'CUST_963','customer963',1,NULL,NULL,NULL,NULL,NULL,NULL,NULL,NULL,'2018-10-13 08:07:41','2018-10-13 08:07:41'),(964,'CUST_964','customer964',2,NULL,NULL,NULL,NULL,NULL,NULL,NULL,NULL,'2018-10-13 08:07:41','2018-10-13 08:07:41'),(965,'CUST_965','customer965',2,NULL,NULL,NULL,NULL,NULL,NULL,NULL,NULL,'2018-10-13 08:07:41','2018-10-13 08:07:41'),(966,'CUST_966','customer966',1,NULL,NULL,NULL,NULL,NULL,NULL,NULL,NULL,'2018-10-13 08:07:41','2018-10-13 08:07:41'),(967,'CUST_967','customer967',2,NULL,NULL,NULL,NULL,NULL,NULL,NULL,NULL,'2018-10-13 08:07:41','2018-10-13 08:07:41'),(968,'CUST_968','customer968',2,NULL,NULL,NULL,NULL,NULL,NULL,NULL,NULL,'2018-10-13 08:07:41','2018-10-13 08:07:41'),(969,'CUST_969','customer969',1,NULL,NULL,NULL,NULL,NULL,NULL,NULL,NULL,'2018-10-13 08:07:41','2018-10-13 08:07:41'),(970,'CUST_970','customer970',2,NULL,NULL,NULL,NULL,NULL,NULL,NULL,NULL,'2018-10-13 08:07:41','2018-10-13 08:07:41'),(971,'CUST_971','customer971',2,NULL,NULL,NULL,NULL,NULL,NULL,NULL,NULL,'2018-10-13 08:07:41','2018-10-13 08:07:41'),(972,'CUST_972','customer972',2,NULL,NULL,NULL,NULL,NULL,NULL,NULL,NULL,'2018-10-13 08:07:41','2018-10-13 08:07:41'),(973,'CUST_973','customer973',1,NULL,NULL,NULL,NULL,NULL,NULL,NULL,NULL,'2018-10-13 08:07:41','2018-10-13 08:07:41'),(974,'CUST_974','customer974',1,NULL,NULL,NULL,NULL,NULL,NULL,NULL,NULL,'2018-10-13 08:07:41','2018-10-13 08:07:41'),(975,'CUST_975','customer975',1,NULL,NULL,NULL,NULL,NULL,NULL,NULL,NULL,'2018-10-13 08:07:41','2018-10-13 08:07:41'),(976,'CUST_976','customer976',1,NULL,NULL,NULL,NULL,NULL,NULL,NULL,NULL,'2018-10-13 08:07:41','2018-10-13 08:07:41'),(977,'CUST_977','customer977',1,NULL,NULL,NULL,NULL,NULL,NULL,NULL,NULL,'2018-10-13 08:07:41','2018-10-13 08:07:41'),(978,'CUST_978','customer978',2,NULL,NULL,NULL,NULL,NULL,NULL,NULL,NULL,'2018-10-13 08:07:41','2018-10-13 08:07:41'),(979,'CUST_979','customer979',1,NULL,NULL,NULL,NULL,NULL,NULL,NULL,NULL,'2018-10-13 08:07:41','2018-10-13 08:07:41'),(980,'CUST_980','customer980',2,NULL,NULL,NULL,NULL,NULL,NULL,NULL,NULL,'2018-10-13 08:07:41','2018-10-13 08:07:41'),(981,'CUST_981','customer981',2,NULL,NULL,NULL,NULL,NULL,NULL,NULL,NULL,'2018-10-13 08:07:41','2018-10-13 08:07:41'),(982,'CUST_982','customer982',2,NULL,NULL,NULL,NULL,NULL,NULL,NULL,NULL,'2018-10-13 08:07:41','2018-10-13 08:07:41'),(983,'CUST_983','customer983',2,NULL,NULL,NULL,NULL,NULL,NULL,NULL,NULL,'2018-10-13 08:07:41','2018-10-13 08:07:41'),(984,'CUST_984','customer984',2,NULL,NULL,NULL,NULL,NULL,NULL,NULL,NULL,'2018-10-13 08:07:41','2018-10-13 08:07:41'),(985,'CUST_985','customer985',2,NULL,NULL,NULL,NULL,NULL,NULL,NULL,NULL,'2018-10-13 08:07:41','2018-10-13 08:07:41'),(986,'CUST_986','customer986',1,NULL,NULL,NULL,NULL,NULL,NULL,NULL,NULL,'2018-10-13 08:07:41','2018-10-13 08:07:41'),(987,'CUST_987','customer987',1,NULL,NULL,NULL,NULL,NULL,NULL,NULL,NULL,'2018-10-13 08:07:41','2018-10-13 08:07:41'),(988,'CUST_988','customer988',1,NULL,NULL,NULL,NULL,NULL,NULL,NULL,NULL,'2018-10-13 08:07:41','2018-10-13 08:07:41'),(989,'CUST_989','customer989',1,NULL,NULL,NULL,NULL,NULL,NULL,NULL,NULL,'2018-10-13 08:07:41','2018-10-13 08:07:41'),(990,'CUST_990','customer990',2,NULL,NULL,NULL,NULL,NULL,NULL,NULL,NULL,'2018-10-13 08:07:41','2018-10-13 08:07:41'),(991,'CUST_991','customer991',2,NULL,NULL,NULL,NULL,NULL,NULL,NULL,NULL,'2018-10-13 08:07:41','2018-10-13 08:07:41'),(992,'CUST_992','customer992',2,NULL,NULL,NULL,NULL,NULL,NULL,NULL,NULL,'2018-10-13 08:07:41','2018-10-13 08:07:41'),(993,'CUST_993','customer993',2,NULL,NULL,NULL,NULL,NULL,NULL,NULL,NULL,'2018-10-13 08:07:41','2018-10-13 08:07:41'),(994,'CUST_994','customer994',1,NULL,NULL,NULL,NULL,NULL,NULL,NULL,NULL,'2018-10-13 08:07:41','2018-10-13 08:07:41'),(995,'CUST_995','customer995',2,NULL,NULL,NULL,NULL,NULL,NULL,NULL,NULL,'2018-10-13 08:07:41','2018-10-13 08:07:41'),(996,'CUST_996','customer996',2,NULL,NULL,NULL,NULL,NULL,NULL,NULL,NULL,'2018-10-13 08:07:41','2018-10-13 08:07:41'),(997,'CUST_997','customer997',1,NULL,NULL,NULL,NULL,NULL,NULL,NULL,NULL,'2018-10-13 08:07:41','2018-10-13 08:07:41'),(998,'CUST_998','customer998',2,NULL,NULL,NULL,NULL,NULL,NULL,NULL,NULL,'2018-10-13 08:07:41','2018-10-13 08:07:41'),(999,'CUST_999','customer999',1,NULL,NULL,NULL,NULL,NULL,NULL,NULL,NULL,'2018-10-13 08:07:41','2018-10-13 08:07:41'),(1000,'CUST_1000','customer1000',2,NULL,NULL,NULL,NULL,NULL,NULL,NULL,NULL,'2018-10-13 08:07:41','2018-10-13 08:07:41');

UNLOCK TABLES;

/*Table structure for table `tb_pembelian` */

DROP TABLE IF EXISTS `tb_pembelian`;

CREATE TABLE `tb_pembelian` (
  `id` int(11) NOT NULL AUTO_INCREMENT,
  `id_user` int(11) NOT NULL,
  `id_supplier` int(11) NOT NULL,
  `waktu_po` datetime DEFAULT NULL,
  `waktu_terima` datetime DEFAULT NULL,
  PRIMARY KEY (`id`)
) ENGINE=InnoDB DEFAULT CHARSET=latin1;

/*Data for the table `tb_pembelian` */

LOCK TABLES `tb_pembelian` WRITE;

UNLOCK TABLES;

/*Table structure for table `tb_penjualan` */

DROP TABLE IF EXISTS `tb_penjualan`;

CREATE TABLE `tb_penjualan` (
  `id` int(11) NOT NULL AUTO_INCREMENT,
  `kode` varchar(20) NOT NULL,
  `id_pelanggan` int(11) DEFAULT NULL,
  `id_user` int(11) NOT NULL,
  `status` tinyint(4) DEFAULT '0',
  `created_date` timestamp NOT NULL DEFAULT CURRENT_TIMESTAMP ON UPDATE CURRENT_TIMESTAMP,
  `updated_date` timestamp NOT NULL DEFAULT '0000-00-00 00:00:00',
  PRIMARY KEY (`id`)
) ENGINE=InnoDB DEFAULT CHARSET=latin1;

/*Data for the table `tb_penjualan` */

LOCK TABLES `tb_penjualan` WRITE;

UNLOCK TABLES;

/*Table structure for table `tb_propinsi` */

DROP TABLE IF EXISTS `tb_propinsi`;

CREATE TABLE `tb_propinsi` (
  `id` int(11) NOT NULL AUTO_INCREMENT,
  `nama` varchar(25) NOT NULL,
  `id_negara` int(11) NOT NULL,
  PRIMARY KEY (`id`)
) ENGINE=InnoDB AUTO_INCREMENT=36 DEFAULT CHARSET=latin1;

/*Data for the table `tb_propinsi` */

LOCK TABLES `tb_propinsi` WRITE;

insert  into `tb_propinsi`(`id`,`nama`,`id_negara`) values (5,'Kepulauan Riau',1),(6,'Jambi',1),(7,'Sumatera Selatan',1),(8,'Bangka Belitung',1),(9,'Bengkulu',1),(10,'Lampung',1),(11,'DKI Jakarta',1),(12,'Jawa Barat',1),(13,'Banten',1),(14,'Jawa Tengah',1),(15,'Daerah Istimewa Yogy',1),(16,'Jawa Timur',1),(17,'Bali',1),(18,'Nusa Tenggara Barat',1),(19,'Nusa Tenggara Timur',1),(20,'Kalimantan Barat',1),(21,'Kalimantan Tengah',1),(22,'Kalimantan Selatan',1),(23,'Kalimantan Timur',1),(24,'Kalimantan Utara',1),(25,'Sulawesi Utara',1),(26,'Sulawesi Barat',1),(27,'Sulawesi Tengah',1),(28,'Sulawesi Tenggara',1),(29,'Sulawesi Selatan',1),(30,'Gorontalo',1),(31,'Maluku',1),(32,'Maluku Utara',1),(33,'Papua Barat',1),(34,'Papua',1),(35,'propinsi',1);

UNLOCK TABLES;

/*Table structure for table `tb_retur` */

DROP TABLE IF EXISTS `tb_retur`;

CREATE TABLE `tb_retur` (
  `id` int(11) NOT NULL AUTO_INCREMENT,
  `kode` varchar(20) NOT NULL,
  `id_detail_pembelian` int(11) NOT NULL,
  `jumlah_retur` int(11) NOT NULL,
  `tgl_return` timestamp NOT NULL DEFAULT CURRENT_TIMESTAMP ON UPDATE CURRENT_TIMESTAMP,
  PRIMARY KEY (`id`)
) ENGINE=InnoDB DEFAULT CHARSET=latin1;

/*Data for the table `tb_retur` */

LOCK TABLES `tb_retur` WRITE;

UNLOCK TABLES;

/*Table structure for table `tb_satuan` */

DROP TABLE IF EXISTS `tb_satuan`;

CREATE TABLE `tb_satuan` (
  `id` int(11) NOT NULL AUTO_INCREMENT,
  `nama` varchar(5) NOT NULL,
  `keterangan` varchar(20) NOT NULL,
  PRIMARY KEY (`id`)
) ENGINE=InnoDB AUTO_INCREMENT=24 DEFAULT CHARSET=latin1;

/*Data for the table `tb_satuan` */

LOCK TABLES `tb_satuan` WRITE;

insert  into `tb_satuan`(`id`,`nama`,`keterangan`) values (1,'bh','Buah'),(2,'bks','Bungkus'),(3,'box','Box'),(4,'btl','Botol'),(5,'dus','Kardus'),(6,'gln','Galon'),(7,'gram','Gram'),(8,'ikt','Ikat'),(9,'kg','Kilogram'),(10,'ktn','Karton'),(11,'lbr','Lembar'),(12,'lsn','Lusin'),(13,'ltr','Liter'),(14,'ml','Mililiter'),(15,'mtr','Meter'),(16,'ons','Ons'),(17,'pak','Pak'),(18,'pcs','Potong'),(19,'psg','Pasang'),(20,'sak','Sak'),(21,'set1','Set'),(23,'tbg','tabung');

UNLOCK TABLES;

/*Table structure for table `tb_supplier` */

DROP TABLE IF EXISTS `tb_supplier`;

CREATE TABLE `tb_supplier` (
  `id` int(11) NOT NULL AUTO_INCREMENT,
  `nama` varchar(20) NOT NULL,
  `alamat` varchar(50) NOT NULL,
  `id_kota` int(11) NOT NULL,
  `id_propinsi` int(11) DEFAULT NULL,
  `id_negara` int(11) NOT NULL,
  `telepon` varchar(15) DEFAULT NULL,
  `hp` varchar(15) DEFAULT NULL,
  `email` varchar(50) DEFAULT NULL,
  `website` varchar(50) DEFAULT NULL,
  `created_date` timestamp NOT NULL DEFAULT CURRENT_TIMESTAMP ON UPDATE CURRENT_TIMESTAMP,
  `updated_date` timestamp NOT NULL DEFAULT '0000-00-00 00:00:00',
  PRIMARY KEY (`id`)
) ENGINE=InnoDB AUTO_INCREMENT=104 DEFAULT CHARSET=latin1;

/*Data for the table `tb_supplier` */

LOCK TABLES `tb_supplier` WRITE;

insert  into `tb_supplier`(`id`,`nama`,`alamat`,`id_kota`,`id_propinsi`,`id_negara`,`telepon`,`hp`,`email`,`website`,`created_date`,`updated_date`) values (1,'SUPPLIER_1','Jl. Nanas',7,17,1,'1234567890-','1234567890-','test@mail.com','test.com','2018-10-10 14:10:23','2018-10-10 14:10:23'),(2,'SUPPLIER_2','Jl. Melati',1,32,1,'12345','123456','pradipta@mail.com','pradipta.com','2018-10-11 19:08:39','2018-10-11 19:08:39'),(3,'SUPPLIER_3','Jl. Agung',4,28,1,NULL,NULL,NULL,NULL,'2018-10-07 17:55:02','0000-00-00 00:00:00'),(4,'SUPPLIER_4','Jl. Sejarah',6,9,1,NULL,NULL,NULL,NULL,'2018-10-07 17:55:02','0000-00-00 00:00:00'),(5,'SUPPLIER_5','Jl. Sejarah',3,25,1,NULL,NULL,NULL,NULL,'2018-10-07 17:55:02','0000-00-00 00:00:00'),(6,'SUPPLIER_6','Jl. Tukad Balian',6,13,1,NULL,NULL,NULL,NULL,'2018-10-07 17:55:02','0000-00-00 00:00:00'),(7,'SUPPLIER_7','Jl. Patimura',7,18,1,NULL,NULL,NULL,NULL,'2018-10-07 17:55:02','0000-00-00 00:00:00'),(8,'SUPPLIER_8','Jl. Melati',3,7,1,NULL,NULL,NULL,NULL,'2018-10-07 17:55:02','0000-00-00 00:00:00'),(9,'SUPPLIER_9','Jl. Mawar',4,30,1,NULL,NULL,NULL,NULL,'2018-10-07 17:55:02','0000-00-00 00:00:00'),(11,'SUPPLIER_11','Jl. Nanas',4,25,1,NULL,NULL,NULL,NULL,'2018-10-07 17:55:02','0000-00-00 00:00:00'),(12,'SUPPLIER_12','Jl. Sejarah',2,32,1,NULL,NULL,NULL,NULL,'2018-10-07 17:55:02','0000-00-00 00:00:00'),(13,'SUPPLIER_13','Jl. Patimura',7,7,1,NULL,NULL,NULL,NULL,'2018-10-07 17:55:02','0000-00-00 00:00:00'),(14,'SUPPLIER_14','Jl. Nanas',8,27,1,NULL,NULL,NULL,NULL,'2018-10-07 17:55:02','0000-00-00 00:00:00'),(15,'SUPPLIER_15','Jl. Patimura',6,7,1,NULL,NULL,NULL,NULL,'2018-10-07 17:55:02','0000-00-00 00:00:00'),(16,'SUPPLIER_16','Jl. Patimura',2,28,1,NULL,NULL,NULL,NULL,'2018-10-07 17:55:03','0000-00-00 00:00:00'),(17,'SUPPLIER_17','Jl. Tukad Balian',9,1,1,NULL,NULL,NULL,NULL,'2018-10-07 17:55:03','0000-00-00 00:00:00'),(18,'SUPPLIER_18','Jl. Melati',1,18,1,NULL,NULL,NULL,NULL,'2018-10-07 17:55:03','0000-00-00 00:00:00'),(19,'SUPPLIER_19','Jl. Nanas',5,14,1,NULL,NULL,NULL,NULL,'2018-10-07 17:55:03','0000-00-00 00:00:00'),(20,'SUPPLIER_20','Jl. Tukad Balian',2,21,1,NULL,NULL,NULL,NULL,'2018-10-07 17:55:03','0000-00-00 00:00:00'),(21,'SUPPLIER_21','Jl. Sejarah',6,22,1,NULL,NULL,NULL,NULL,'2018-10-07 17:55:03','0000-00-00 00:00:00'),(22,'SUPPLIER_22','Jl. Kamboja',4,13,1,NULL,NULL,NULL,NULL,'2018-10-07 17:55:03','0000-00-00 00:00:00'),(23,'SUPPLIER_23','Jl. Nanas',3,25,1,NULL,NULL,NULL,NULL,'2018-10-07 17:55:03','0000-00-00 00:00:00'),(24,'SUPPLIER_24','Jl. Agung',6,14,1,NULL,NULL,NULL,NULL,'2018-10-07 17:55:03','0000-00-00 00:00:00'),(25,'SUPPLIER_25','Jl. Patimura',1,9,1,NULL,NULL,NULL,NULL,'2018-10-07 17:55:03','0000-00-00 00:00:00'),(26,'SUPPLIER_26','Jl. Nanas',4,24,1,NULL,NULL,NULL,NULL,'2018-10-07 17:55:03','0000-00-00 00:00:00'),(27,'SUPPLIER_27','Jl. Nanas',4,15,1,NULL,NULL,NULL,NULL,'2018-10-07 17:55:03','0000-00-00 00:00:00'),(28,'SUPPLIER_28','Jl. Kamboja',5,12,1,NULL,NULL,NULL,NULL,'2018-10-07 17:55:03','0000-00-00 00:00:00'),(29,'SUPPLIER_29','Jl. Sejarah',3,6,1,NULL,NULL,NULL,NULL,'2018-10-07 17:55:03','0000-00-00 00:00:00'),(30,'SUPPLIER_30','Jl. Patimura',3,30,1,NULL,NULL,NULL,NULL,'2018-10-07 17:55:03','0000-00-00 00:00:00'),(31,'SUPPLIER_31','Jl. Agung',8,17,1,NULL,NULL,NULL,NULL,'2018-10-07 17:55:03','0000-00-00 00:00:00'),(32,'SUPPLIER_32','Jl. Tukad Balian',4,5,1,NULL,NULL,NULL,NULL,'2018-10-07 17:55:03','0000-00-00 00:00:00'),(33,'SUPPLIER_33','Jl. Tukad Balian',5,2,1,NULL,NULL,NULL,NULL,'2018-10-07 17:55:03','0000-00-00 00:00:00'),(34,'SUPPLIER_34','Jl. Tukad Balian',8,28,1,NULL,NULL,NULL,NULL,'2018-10-07 17:55:03','0000-00-00 00:00:00'),(35,'SUPPLIER_35','Jl. Melati',8,30,1,NULL,NULL,NULL,NULL,'2018-10-07 17:55:03','0000-00-00 00:00:00'),(36,'SUPPLIER_36','Jl. Melati',1,25,1,NULL,NULL,NULL,NULL,'2018-10-07 17:55:03','0000-00-00 00:00:00'),(37,'SUPPLIER_37','Jl. Mawar',3,10,1,NULL,NULL,NULL,NULL,'2018-10-07 17:55:03','0000-00-00 00:00:00'),(38,'SUPPLIER_38','Jl. Melati',3,14,1,NULL,NULL,NULL,NULL,'2018-10-07 17:55:03','0000-00-00 00:00:00'),(39,'SUPPLIER_39','Jl. Agung',5,8,1,NULL,NULL,NULL,NULL,'2018-10-07 17:55:03','0000-00-00 00:00:00'),(40,'SUPPLIER_40','Jl. Tukad Balian',6,21,1,NULL,NULL,NULL,NULL,'2018-10-07 17:55:03','0000-00-00 00:00:00'),(41,'SUPPLIER_41','Jl. Melati',1,1,1,NULL,NULL,NULL,NULL,'2018-10-07 17:55:03','0000-00-00 00:00:00'),(42,'SUPPLIER_42','Jl. Agung',3,26,1,NULL,NULL,NULL,NULL,'2018-10-07 17:55:03','0000-00-00 00:00:00'),(43,'SUPPLIER_43','Jl. Patimura',6,9,1,NULL,NULL,NULL,NULL,'2018-10-07 17:55:03','0000-00-00 00:00:00'),(44,'SUPPLIER_44','Jl. Melati',1,33,1,NULL,NULL,NULL,NULL,'2018-10-07 17:55:03','0000-00-00 00:00:00'),(45,'SUPPLIER_45','Jl. Agung',4,8,1,NULL,NULL,NULL,NULL,'2018-10-07 17:55:03','0000-00-00 00:00:00'),(46,'SUPPLIER_46','Jl. Nanas',1,31,1,NULL,NULL,NULL,NULL,'2018-10-07 17:55:03','0000-00-00 00:00:00'),(47,'SUPPLIER_47','Jl. Mawar',7,32,1,NULL,NULL,NULL,NULL,'2018-10-07 17:55:03','0000-00-00 00:00:00'),(48,'SUPPLIER_48','Jl. Kamboja',7,8,1,NULL,NULL,NULL,NULL,'2018-10-07 17:55:03','0000-00-00 00:00:00'),(49,'SUPPLIER_49','Jl. Melati',8,18,1,NULL,NULL,NULL,NULL,'2018-10-07 17:55:03','0000-00-00 00:00:00'),(50,'SUPPLIER_50','Jl. Melati',1,18,1,NULL,NULL,NULL,NULL,'2018-10-07 17:55:03','0000-00-00 00:00:00'),(51,'SUPPLIER_51','Jl. Kamboja',9,20,1,NULL,NULL,NULL,NULL,'2018-10-07 17:55:03','0000-00-00 00:00:00'),(52,'SUPPLIER_52','Jl. Melati',7,20,1,NULL,NULL,NULL,NULL,'2018-10-07 17:55:03','0000-00-00 00:00:00'),(53,'SUPPLIER_53','Jl. Mawar',4,6,1,NULL,NULL,NULL,NULL,'2018-10-07 17:55:04','0000-00-00 00:00:00'),(54,'SUPPLIER_54','Jl. Kamboja',3,5,1,NULL,NULL,NULL,NULL,'2018-10-07 17:55:04','0000-00-00 00:00:00'),(55,'SUPPLIER_55','Jl. Mawar',6,14,1,NULL,NULL,NULL,NULL,'2018-10-07 17:55:04','0000-00-00 00:00:00'),(56,'SUPPLIER_56','Jl. Nanas',5,33,1,NULL,NULL,NULL,NULL,'2018-10-07 17:55:04','0000-00-00 00:00:00'),(57,'SUPPLIER_57','Jl. Kamboja',6,20,1,NULL,NULL,NULL,NULL,'2018-10-07 17:55:04','0000-00-00 00:00:00'),(58,'SUPPLIER_58','Jl. Nanas',1,19,1,NULL,NULL,NULL,NULL,'2018-10-07 17:55:04','0000-00-00 00:00:00'),(59,'SUPPLIER_59','Jl. Mawar',8,5,1,NULL,NULL,NULL,NULL,'2018-10-07 17:55:04','0000-00-00 00:00:00'),(60,'SUPPLIER_60','Jl. Kamboja',5,7,1,NULL,NULL,NULL,NULL,'2018-10-07 17:55:04','0000-00-00 00:00:00'),(61,'SUPPLIER_61','Jl. Mawar',1,22,1,NULL,NULL,NULL,NULL,'2018-10-07 17:55:04','0000-00-00 00:00:00'),(62,'SUPPLIER_62','Jl. Agung',9,17,1,NULL,NULL,NULL,NULL,'2018-10-07 17:55:04','0000-00-00 00:00:00'),(63,'SUPPLIER_63','Jl. Agung',9,32,1,NULL,NULL,NULL,NULL,'2018-10-07 17:55:04','0000-00-00 00:00:00'),(64,'SUPPLIER_64','Jl. Agung',9,18,1,NULL,NULL,NULL,NULL,'2018-10-07 17:55:04','0000-00-00 00:00:00'),(65,'SUPPLIER_65','Jl. Patimura',3,1,1,NULL,NULL,NULL,NULL,'2018-10-07 17:55:04','0000-00-00 00:00:00'),(66,'SUPPLIER_66','Jl. Tukad Balian',9,17,1,NULL,NULL,NULL,NULL,'2018-10-07 17:55:04','0000-00-00 00:00:00'),(67,'SUPPLIER_67','Jl. Patimura',8,20,1,NULL,NULL,NULL,NULL,'2018-10-07 17:55:04','0000-00-00 00:00:00'),(68,'SUPPLIER_68','Jl. Nanas',8,30,1,NULL,NULL,NULL,NULL,'2018-10-07 17:55:04','0000-00-00 00:00:00'),(69,'SUPPLIER_69','Jl. Patimura',8,1,1,NULL,NULL,NULL,NULL,'2018-10-07 17:55:04','0000-00-00 00:00:00'),(70,'SUPPLIER_70','Jl. Nanas',8,20,1,NULL,NULL,NULL,NULL,'2018-10-07 17:55:04','0000-00-00 00:00:00'),(71,'SUPPLIER_71','Jl. Melati',1,29,1,NULL,NULL,NULL,NULL,'2018-10-07 17:55:04','0000-00-00 00:00:00'),(72,'SUPPLIER_72','Jl. Kamboja',5,13,1,NULL,NULL,NULL,NULL,'2018-10-07 17:55:04','0000-00-00 00:00:00'),(73,'SUPPLIER_73','Jl. Kamboja',5,30,1,NULL,NULL,NULL,NULL,'2018-10-07 17:55:04','0000-00-00 00:00:00'),(74,'SUPPLIER_74','Jl. Mawar',2,11,1,NULL,NULL,NULL,NULL,'2018-10-07 17:55:04','0000-00-00 00:00:00'),(75,'SUPPLIER_75','Jl. Mawar',9,9,1,NULL,NULL,NULL,NULL,'2018-10-07 17:55:04','0000-00-00 00:00:00'),(76,'SUPPLIER_76','Jl. Sejarah',4,26,1,NULL,NULL,NULL,NULL,'2018-10-07 17:55:04','0000-00-00 00:00:00'),(77,'SUPPLIER_77','Jl. Nanas',5,23,1,NULL,NULL,NULL,NULL,'2018-10-07 17:55:04','0000-00-00 00:00:00'),(78,'SUPPLIER_78','Jl. Tukad Balian',3,10,1,NULL,NULL,NULL,NULL,'2018-10-07 17:55:04','0000-00-00 00:00:00'),(79,'SUPPLIER_79','Jl. Agung',2,31,1,NULL,NULL,NULL,NULL,'2018-10-07 17:55:04','0000-00-00 00:00:00'),(80,'SUPPLIER_80','Jl. Sejarah',3,34,1,NULL,NULL,NULL,NULL,'2018-10-07 17:55:04','0000-00-00 00:00:00'),(81,'SUPPLIER_81','Jl. Mawar',3,1,1,NULL,NULL,NULL,NULL,'2018-10-07 17:55:04','0000-00-00 00:00:00'),(82,'SUPPLIER_82','Jl. Tukad Balian',5,5,1,NULL,NULL,NULL,NULL,'2018-10-07 17:55:04','0000-00-00 00:00:00'),(83,'SUPPLIER_83','Jl. Agung',3,32,1,NULL,NULL,NULL,NULL,'2018-10-07 17:55:04','0000-00-00 00:00:00'),(84,'SUPPLIER_84','Jl. Patimura',3,22,1,NULL,NULL,NULL,NULL,'2018-10-07 17:55:04','0000-00-00 00:00:00'),(85,'SUPPLIER_85','Jl. Agung',2,19,1,NULL,NULL,NULL,NULL,'2018-10-07 17:55:04','0000-00-00 00:00:00'),(86,'SUPPLIER_86','Jl. Melati',4,30,1,NULL,NULL,NULL,NULL,'2018-10-07 17:55:04','0000-00-00 00:00:00'),(87,'SUPPLIER_87','Jl. Tukad Balian',4,16,1,NULL,NULL,NULL,NULL,'2018-10-07 17:55:05','0000-00-00 00:00:00'),(88,'SUPPLIER_88','Jl. Patimura',8,23,1,NULL,NULL,NULL,NULL,'2018-10-07 17:55:05','0000-00-00 00:00:00'),(89,'SUPPLIER_89','Jl. Melati',5,11,1,NULL,NULL,NULL,NULL,'2018-10-07 17:55:05','0000-00-00 00:00:00'),(90,'SUPPLIER_90','Jl. Patimura',6,2,1,NULL,NULL,NULL,NULL,'2018-10-07 17:55:05','0000-00-00 00:00:00'),(91,'SUPPLIER_91','Jl. Mawar',6,1,1,NULL,NULL,NULL,NULL,'2018-10-07 17:55:05','0000-00-00 00:00:00'),(92,'SUPPLIER_92','Jl. Agung',5,30,1,NULL,NULL,NULL,NULL,'2018-10-07 17:55:05','0000-00-00 00:00:00'),(93,'SUPPLIER_93','Jl. Nanas',8,23,1,NULL,NULL,NULL,NULL,'2018-10-07 17:55:05','0000-00-00 00:00:00'),(94,'SUPPLIER_94','Jl. Agung',2,9,1,NULL,NULL,NULL,NULL,'2018-10-07 17:55:05','0000-00-00 00:00:00'),(95,'SUPPLIER_95','Jl. Kamboja',3,10,1,NULL,NULL,NULL,NULL,'2018-10-07 17:55:05','0000-00-00 00:00:00'),(96,'SUPPLIER_96','Jl. Kamboja',6,16,1,NULL,NULL,NULL,NULL,'2018-10-07 17:55:05','0000-00-00 00:00:00'),(97,'SUPPLIER_97','Jl. Mawar',2,8,1,NULL,NULL,NULL,NULL,'2018-10-07 17:55:05','0000-00-00 00:00:00'),(98,'SUPPLIER_98','Jl. Kamboja',5,27,1,NULL,NULL,NULL,NULL,'2018-10-07 17:55:05','0000-00-00 00:00:00'),(99,'SUPPLIER_99','Jl. Nanas',1,1,1,NULL,NULL,NULL,NULL,'2018-10-07 17:55:05','0000-00-00 00:00:00'),(100,'SUPPLIER_100','Jl. Agung',3,1,1,NULL,NULL,NULL,NULL,'2018-10-07 17:55:05','0000-00-00 00:00:00'),(103,'supplier_101','banda',7,17,1,'123456','123456','supplier_101@gmail.com','supplier_101.com','2018-10-11 20:37:05','2018-10-11 20:37:05');

UNLOCK TABLES;

/*Table structure for table `tb_user` */

DROP TABLE IF EXISTS `tb_user`;

CREATE TABLE `tb_user` (
  `id` int(11) NOT NULL AUTO_INCREMENT,
  `nik` varchar(20) NOT NULL,
  `nama` varchar(50) NOT NULL,
  `username` varchar(20) NOT NULL,
  `password` varchar(100) NOT NULL,
  `id_jabatan` int(11) NOT NULL,
  `tempat_lahir` varchar(50) DEFAULT NULL,
  `tgl_lahir` date DEFAULT NULL,
  `alamat` varchar(50) DEFAULT NULL,
  `id_kota` int(11) DEFAULT NULL,
  `id_propinsi` int(11) DEFAULT NULL,
  `id_negara` int(11) DEFAULT NULL,
  `telepon` varchar(15) DEFAULT NULL,
  `hp` varchar(15) DEFAULT NULL,
  `email` varchar(50) DEFAULT NULL,
  `keterangan` varchar(100) DEFAULT NULL,
  `status` tinyint(4) DEFAULT '0',
  `created_date` timestamp NULL DEFAULT NULL,
  `updated_date` timestamp NULL DEFAULT NULL,
  PRIMARY KEY (`id`)
) ENGINE=InnoDB AUTO_INCREMENT=15 DEFAULT CHARSET=latin1;

/*Data for the table `tb_user` */

LOCK TABLES `tb_user` WRITE;

insert  into `tb_user`(`id`,`nik`,`nama`,`username`,`password`,`id_jabatan`,`tempat_lahir`,`tgl_lahir`,`alamat`,`id_kota`,`id_propinsi`,`id_negara`,`telepon`,`hp`,`email`,`keterangan`,`status`,`created_date`,`updated_date`) values (1,'USER_11','user11','user1','3d4f2bf07dc1be38b20cd6e46949a1071f9d0e3d',1,'','0000-00-00','banda',7,17,1,'12345678','12345','mail@mail.com','',1,'2018-10-07 15:05:58','2018-10-12 13:39:07'),(2,'USER_2','user2','user2','3d4f2bf07dc1be38b20cd6e46949a1071f9d0e3d',4,NULL,NULL,'',NULL,NULL,NULL,NULL,NULL,NULL,NULL,1,'2018-10-07 15:05:58','2018-10-07 15:05:58'),(3,'USER_3','user3','user3','3d4f2bf07dc1be38b20cd6e46949a1071f9d0e3d',4,NULL,NULL,'',NULL,NULL,NULL,NULL,NULL,NULL,NULL,2,'2018-10-07 15:05:58','2018-10-07 15:05:58'),(4,'USER_4','user4','user4','3d4f2bf07dc1be38b20cd6e46949a1071f9d0e3d',3,NULL,NULL,'',NULL,NULL,NULL,NULL,NULL,NULL,NULL,2,'2018-10-07 15:05:58','2018-10-07 15:05:58'),(5,'USER_5','user5','user5','3d4f2bf07dc1be38b20cd6e46949a1071f9d0e3d',1,NULL,NULL,'',NULL,NULL,NULL,NULL,NULL,NULL,NULL,2,'2018-10-07 15:05:58','2018-10-07 15:05:58'),(6,'USER_1','user1','user1','3d4f2bf07dc1be38b20cd6e46949a1071f9d0e3d',2,NULL,NULL,NULL,NULL,NULL,NULL,NULL,NULL,NULL,NULL,2,'2018-10-07 15:06:53','2018-10-07 15:06:53'),(7,'USER_2','user2','user2','3d4f2bf07dc1be38b20cd6e46949a1071f9d0e3d',4,NULL,NULL,NULL,NULL,NULL,NULL,NULL,NULL,NULL,NULL,2,'2018-10-07 15:06:53','2018-10-07 15:06:53'),(8,'USER_3','user3','user3','3d4f2bf07dc1be38b20cd6e46949a1071f9d0e3d',3,NULL,NULL,NULL,NULL,NULL,NULL,NULL,NULL,NULL,NULL,1,'2018-10-07 15:06:53','2018-10-07 15:06:53'),(9,'USER_4','user4','user4','3d4f2bf07dc1be38b20cd6e46949a1071f9d0e3d',1,NULL,NULL,NULL,NULL,NULL,NULL,NULL,NULL,NULL,NULL,1,'2018-10-07 15:06:53','2018-10-07 15:06:53'),(13,'user_12','user_12','user_12','111111',1,'','0000-00-00','banda',7,17,1,'12345567890','12345678','user_12@mail.com','',1,'2018-10-12 02:01:22','2018-10-12 15:23:39'),(14,'user_13','user_13','user_13','111111',1,'','0000-00-00','banda',7,17,1,'','','','',1,'2018-10-12 15:25:29','2018-10-12 15:25:29');

UNLOCK TABLES;

/*!40101 SET SQL_MODE=@OLD_SQL_MODE */;
/*!40014 SET FOREIGN_KEY_CHECKS=@OLD_FOREIGN_KEY_CHECKS */;
/*!40014 SET UNIQUE_CHECKS=@OLD_UNIQUE_CHECKS */;
/*!40111 SET SQL_NOTES=@OLD_SQL_NOTES */;
